"Year","Location","Sunshine_duration","Altitude","Annual_Precipitation","Annual_temperature","Annual_ice_days","Annual_frost_days","Annual_summer_days","Annual_heat_days","Annual_tropic_days","Annual_precipitation_days"
1931,"BaselBinningen",1594.31666666667,316,816,8.5,NA,NA,NA,NA,NA,NA
1931,"BernZollikofen",1742.5,553,1137.6,7.2,NA,NA,NA,NA,NA,NA
1931,"Davos",1767.6,1594,1077.3,1.7,NA,NA,NA,NA,NA,NA
1931,"GenfCointrin",1790.73333333333,411,919.7,9,NA,NA,NA,NA,NA,NA
1931,"LocarnoMonti",NA,367,1962,11,NA,NA,NA,NA,NA,NA
1931,"Lugano",2293.9,273,1478.5,10.9,NA,NA,NA,NA,NA,NA
1931,"Luzern",1596.6,454,1162.5,7.8,NA,NA,NA,NA,NA,NA
1931,"Neuenburg",1768.4,485,1019.2,8.4,NA,NA,NA,NA,NA,NA
1931,"Säntis",1581.1,2501,2105.1,-2.8,NA,NA,NA,NA,NA,NA
1931,"Samedan",NA,1709,644.8,0.6,NA,NA,NA,NA,NA,NA
1931,"Sitten",NA,482,572.3,8.1,NA,NA,NA,NA,NA,NA
1931,"St.Gallen",NA,776,1552.4,6.2,NA,NA,NA,NA,NA,NA
1931,"ZürichFluntern",1680.88333333333,556,1229.1,7.4,NA,NA,NA,NA,NA,NA
1932,"BaselBinningen",1603.61666666667,316,738,8.9,NA,NA,NA,NA,NA,NA
1932,"BernZollikofen",1630.1,553,957.2,7.4,NA,NA,NA,NA,NA,NA
1932,"Davos",1770.6,1594,839.1,2.3,NA,NA,NA,NA,NA,NA
1932,"GenfCointrin",1534.46666666667,411,918,9.2,NA,NA,NA,NA,NA,NA
1932,"LocarnoMonti",NA,367,2178.2,11,NA,NA,NA,NA,NA,NA
1932,"Lugano",2091.6,273,1915.5,11,NA,NA,NA,NA,NA,NA
1932,"Luzern",1476.3,454,1072.2,8.1,NA,NA,NA,NA,NA,NA
1932,"Neuenburg",1623.5,485,913.6,8.6,NA,NA,NA,NA,NA,NA
1932,"Säntis",1758.2,2501,2140,-1.7,NA,NA,NA,NA,NA,NA
1932,"Samedan",NA,1709,503.3,1,NA,NA,NA,NA,NA,NA
1932,"Sitten",NA,482,497.3,8.7,NA,NA,NA,NA,NA,NA
1932,"St.Gallen",NA,776,1489.4,6.8,NA,NA,NA,NA,NA,NA
1932,"ZürichFluntern",1604.56666666667,556,991.1,7.8,NA,NA,NA,NA,NA,NA
1933,"BaselBinningen",1677.61666666667,316,684.9,8.8,NA,NA,NA,NA,NA,NA
1933,"BernZollikofen",1727.3,553,838.6,7.3,NA,NA,NA,NA,NA,NA
1933,"Davos",1647.9,1594,928.1,1.8,NA,NA,NA,NA,NA,NA
1933,"GenfCointrin",1762.8,411,863.6,9,NA,NA,NA,NA,NA,NA
1933,"LocarnoMonti",NA,367,1828.5,11.2,NA,NA,NA,NA,NA,NA
1933,"Lugano",2069.4,273,1490.5,11.1,NA,NA,NA,NA,NA,NA
1933,"Luzern",1592.3,454,1050.9,7.9,NA,NA,NA,NA,NA,NA
1933,"Neuenburg",1674.9,485,790.2,8.5,NA,NA,NA,NA,NA,NA
1933,"Säntis",1596.4,2501,2555.4,-2.8,NA,NA,NA,NA,NA,NA
1933,"Samedan",NA,1709,649.2,0.6,NA,NA,NA,NA,NA,NA
1933,"Sitten",NA,482,410.8,8.8,NA,NA,NA,NA,NA,NA
1933,"St.Gallen",NA,776,1407.3,6.3,NA,NA,NA,NA,NA,NA
1933,"ZürichFluntern",1681.16666666667,556,1029.7,7.6,NA,NA,NA,NA,NA,NA
1934,"BaselBinningen",1730.61666666667,316,661.3,9.9,NA,NA,NA,NA,NA,NA
1934,"BernZollikofen",1924.7,553,850.7,8.4,NA,NA,NA,NA,NA,NA
1934,"Davos",1826.2,1594,946.1,3.3,NA,NA,NA,NA,NA,NA
1934,"GenfCointrin",1965.75,411,740.3,10,NA,NA,NA,NA,NA,NA
1934,"LocarnoMonti",NA,367,2227.3,11.5,NA,NA,NA,NA,NA,NA
1934,"Lugano",2166.6,273,1994,11.7,NA,NA,NA,NA,NA,NA
1934,"Luzern",1746.2,454,933.4,9.1,NA,NA,NA,NA,NA,NA
1934,"Neuenburg",1864.4,485,768.7,9.8,NA,NA,NA,NA,NA,NA
1934,"Säntis",1864,2501,1949,-1,NA,NA,NA,NA,NA,NA
1934,"Samedan",NA,1709,644.5,1.5,NA,NA,NA,NA,NA,NA
1934,"Sitten",NA,482,485.1,9.4,NA,NA,NA,NA,NA,NA
1934,"St.Gallen",NA,776,1420.1,7.9,NA,NA,NA,NA,NA,NA
1934,"ZürichFluntern",1833.55,556,966.3,8.9,NA,NA,NA,NA,NA,NA
1935,"BaselBinningen",1612.31666666667,316,888.6,9.4,NA,NA,NA,NA,NA,NA
1935,"BernZollikofen",1746.9,553,1217.2,7.8,NA,NA,NA,NA,NA,NA
1935,"Davos",1592,1594,1272.5,1.8,NA,NA,NA,NA,NA,NA
1935,"GenfCointrin",1770.2,411,1065.5,9.6,NA,NA,NA,NA,NA,NA
1935,"LocarnoMonti",NA,367,2500.8,11.2,NA,NA,NA,NA,NA,NA
1935,"Lugano",2101.8,273,1798.7,11.4,NA,NA,NA,NA,NA,NA
1935,"Luzern",1615.4,454,1207.3,8.3,NA,NA,NA,NA,NA,NA
1935,"Neuenburg",1682.6,485,1125.8,8.9,NA,NA,NA,NA,NA,NA
1935,"Säntis",1574.5,2501,2509.3,-2.7,NA,NA,NA,NA,NA,NA
1935,"Samedan",NA,1709,757.2,0.7,NA,NA,NA,NA,NA,NA
1935,"Sitten",NA,482,747.7,8.9,NA,NA,NA,NA,NA,NA
1935,"St.Gallen",NA,776,1556.4,6.9,NA,NA,NA,NA,NA,NA
1935,"ZürichFluntern",1743.3,556,1196.7,8.2,NA,NA,NA,NA,NA,NA
1936,"BaselBinningen",1376.13333333333,316,869.8,9.5,NA,NA,NA,NA,NA,NA
1936,"BernZollikofen",1494.28333333333,553,1220.6,8,NA,NA,NA,NA,NA,NA
1936,"Davos",1477.2,1594,972.2,2.4,NA,NA,NA,NA,NA,NA
1936,"GenfCointrin",1618.46666666667,411,880.5,9.6,NA,NA,NA,NA,NA,NA
1936,"LocarnoMonti",2040.3,367,1979,11.1,NA,NA,NA,NA,NA,NA
1936,"Lugano",1922.7,273,1695.8,11.3,NA,NA,NA,NA,NA,NA
1936,"Luzern",1345.2,454,1233.1,8.7,NA,NA,NA,NA,NA,NA
1936,"Neuenburg",1486.8,485,904.1,9.2,NA,NA,NA,NA,NA,NA
1936,"Säntis",1475.4,2501,2578,-2.2,NA,NA,NA,NA,NA,NA
1936,"Samedan",NA,1709,619.6,1.2,NA,NA,NA,NA,NA,NA
1936,"Sitten",NA,482,572.2,9.1,NA,NA,NA,NA,NA,NA
1936,"St.Gallen",NA,776,1438,7.3,NA,NA,NA,NA,NA,NA
1936,"ZürichFluntern",1483.43333333333,556,1249.4,8.4,NA,NA,NA,NA,NA,NA
1937,"BaselBinningen",1410.81666666667,316,803.5,9.8,NA,NA,NA,NA,NA,NA
1937,"BernZollikofen",1626.4,553,1131.6,8.2,NA,NA,NA,NA,NA,NA
1937,"Davos",1418.5,1594,995.9,2.5,NA,NA,NA,NA,NA,NA
1937,"GenfCointrin",1714.83333333333,411,1094.1,10,NA,NA,NA,NA,NA,NA
1937,"LocarnoMonti",2203,367,2159,11.3,NA,NA,NA,NA,NA,NA
1937,"Lugano",2021.1,273,1938,11.6,NA,NA,NA,NA,NA,NA
1937,"Luzern",1369.9,454,1112.4,8.8,NA,NA,NA,NA,NA,NA
1937,"Neuenburg",1657,485,1117.7,9.3,NA,NA,NA,NA,NA,NA
1937,"Säntis",1376.3,2501,2477.7,-2.3,NA,NA,NA,NA,NA,NA
1937,"Samedan",NA,1709,838.2,1.4,NA,NA,NA,NA,NA,NA
1937,"Sitten",NA,482,546.7,9.5,NA,NA,NA,NA,NA,NA
1937,"St.Gallen",NA,776,1481.1,7.6,NA,NA,NA,NA,NA,NA
1937,"ZürichFluntern",1476.88333333333,556,1063.5,8.6,NA,NA,NA,NA,NA,NA
1938,"BaselBinningen",1752.71666666667,316,911.4,9.3,NA,NA,NA,NA,NA,NA
1938,"BernZollikofen",1944.28333333333,553,1018,7.8,NA,NA,NA,NA,NA,NA
1938,"Davos",1747.6,1594,860.6,2.3,NA,NA,NA,NA,NA,NA
1938,"GenfCointrin",1955.35,411,741.6,9.4,NA,NA,NA,NA,NA,NA
1938,"LocarnoMonti",2437.9,367,1782.8,11.4,NA,NA,NA,NA,NA,NA
1938,"Lugano",2229.6,273,1608.1,11.5,NA,NA,NA,NA,NA,NA
1938,"Luzern",1698.9,454,1031.3,8.4,NA,NA,NA,NA,NA,NA
1938,"Neuenburg",1860.8,485,937.4,9,NA,NA,NA,NA,NA,NA
1938,"Säntis",1767.4,2501,2018.7,-2,NA,NA,NA,NA,NA,NA
1938,"Samedan",NA,1709,530,1.1,NA,NA,NA,NA,NA,NA
1938,"Sitten",NA,482,462.2,9.2,NA,NA,NA,NA,NA,NA
1938,"St.Gallen",NA,776,1468.8,7.1,NA,NA,NA,NA,NA,NA
1938,"ZürichFluntern",1816.16666666667,556,1046.1,8.2,NA,NA,NA,NA,NA,NA
1939,"BaselBinningen",1255.01666666667,316,1204.6,9.1,NA,NA,NA,NA,NA,NA
1939,"BernZollikofen",1391.9,553,1108.9,7.4,NA,NA,NA,NA,NA,NA
1939,"Davos",1457.5,1594,1109.2,2.2,NA,NA,NA,NA,NA,NA
1939,"GenfCointrin",1517.55,411,1103,9.1,NA,NA,NA,NA,NA,NA
1939,"LocarnoMonti",2011.9,367,2634.9,10.8,NA,NA,NA,NA,NA,NA
1939,"Lugano",1839.2,273,2088.4,11.1,NA,NA,NA,NA,NA,NA
1939,"Luzern",1191.4,454,1220.9,8.2,NA,NA,NA,NA,NA,NA
1939,"Neuenburg",1352.7,485,1286.3,8.5,NA,NA,NA,NA,NA,NA
1939,"Säntis",1397.5,2501,2848.1,-2.4,NA,NA,NA,NA,NA,NA
1939,"Samedan",NA,1709,715.7,0.9,NA,NA,NA,NA,NA,NA
1939,"Sitten",NA,482,542.6,8.9,NA,NA,NA,NA,NA,NA
1939,"St.Gallen",NA,776,1640.7,6.9,NA,NA,NA,NA,NA,NA
1939,"ZürichFluntern",1325.25,556,1358.4,7.9,NA,NA,NA,NA,NA,NA
1940,"BaselBinningen",1521.88333333333,316,959.4,8.2,NA,NA,NA,NA,NA,NA
1940,"BernZollikofen",1617.3,553,1145.8,6.8,NA,NA,NA,NA,NA,NA
1940,"Davos",1573,1594,1041.1,1.4,NA,NA,NA,NA,NA,NA
1940,"GenfCointrin",1688.15,411,1003.5,8.7,NA,NA,NA,NA,NA,NA
1940,"LocarnoMonti",2298.8,367,1854.4,10.6,NA,NA,NA,NA,NA,NA
1940,"Lugano",2044.2,273,1377.2,11,NA,NA,NA,NA,NA,NA
1940,"Luzern",1430.7,454,1375.1,7.4,NA,NA,NA,NA,NA,NA
1940,"Neuenburg",1638.9,485,1017.2,8.1,NA,NA,NA,NA,NA,NA
1940,"Säntis",1377.2,2501,3326.9,-3.1,NA,NA,NA,NA,NA,NA
1940,"Samedan",NA,1709,664.6,0.2,NA,NA,NA,NA,NA,NA
1940,"Sitten",NA,482,718.4,8.1,NA,NA,NA,NA,NA,NA
1940,"St.Gallen",NA,776,1790.7,6.1,NA,NA,NA,NA,NA,NA
1940,"ZürichFluntern",1546.85,556,1370.3,7.1,NA,NA,NA,NA,NA,NA
1941,"BaselBinningen",1559.93333333333,316,690.7,8.4,NA,NA,NA,NA,NA,NA
1941,"BernZollikofen",1621.78333333333,553,792.8,6.9,NA,NA,NA,NA,NA,NA
1941,"Davos",1644.3,1594,819.5,1.7,NA,NA,NA,NA,NA,NA
1941,"GenfCointrin",1740.81666666667,411,753.4,8.8,NA,NA,NA,NA,NA,NA
1941,"LocarnoMonti",2242.9,367,2206.9,10.5,NA,NA,NA,NA,NA,NA
1941,"Lugano",2081.9,273,1688.6,11,NA,NA,NA,NA,NA,NA
1941,"Luzern",1484.1,454,1022.1,7.7,NA,NA,NA,NA,NA,NA
1941,"Neuenburg",1594.1,485,759.1,8.3,NA,NA,NA,NA,NA,NA
1941,"Säntis",1505.6,2501,2669.4,-3,NA,NA,NA,NA,NA,NA
1941,"Samedan",NA,1709,505.8,0.4,NA,NA,NA,NA,NA,NA
1941,"Sitten",NA,482,401.2,8.2,NA,NA,NA,NA,NA,NA
1941,"St.Gallen",NA,776,1365.1,6.4,NA,NA,NA,NA,NA,NA
1941,"ZürichFluntern",1588.01666666667,556,1006.3,7.4,NA,NA,NA,NA,NA,NA
1942,"BaselBinningen",1656.9,316,761.7,8.8,NA,NA,NA,NA,NA,NA
1942,"BernZollikofen",1818.5,553,790.5,7.2,NA,NA,NA,NA,NA,NA
1942,"Davos",1773.5,1594,870.2,2.4,NA,NA,NA,NA,NA,NA
1942,"GenfCointrin",1793.56666666667,411,685.1,9.3,NA,NA,NA,NA,NA,NA
1942,"LocarnoMonti",2272.5,367,1817.4,11.4,NA,NA,NA,NA,NA,NA
1942,"Lugano",2079.4,273,1307.9,11.9,NA,NA,NA,NA,NA,NA
1942,"Luzern",1565.9,454,880.8,8.1,NA,NA,NA,NA,NA,NA
1942,"Neuenburg",1720.3,485,825.4,8.7,NA,NA,NA,NA,NA,NA
1942,"Säntis",1727.5,2501,2325.2,-1.9,NA,NA,NA,NA,NA,NA
1942,"Samedan",NA,1709,524.1,1.7,NA,NA,NA,NA,NA,NA
1942,"Sitten",NA,482,447,9,NA,NA,NA,NA,NA,NA
1942,"St.Gallen",NA,776,1249.5,6.9,NA,NA,NA,NA,NA,NA
1942,"ZürichFluntern",1723.8,556,926.3,7.9,NA,NA,NA,NA,NA,NA
1943,"BaselBinningen",1767.9,316,572,10.2,NA,NA,NA,NA,NA,NA
1943,"BernZollikofen",1919.7,553,790.9,8.5,NA,NA,NA,NA,NA,NA
1943,"Davos",1788.5,1594,864.2,3.1,NA,NA,NA,NA,NA,NA
1943,"GenfCointrin",1917.38333333333,411,834,10.4,NA,NA,NA,NA,NA,NA
1943,"LocarnoMonti",2464.7,367,1379.8,12.5,NA,NA,NA,NA,NA,NA
1943,"Lugano",2288.9,273,1108.9,12.7,NA,NA,NA,NA,NA,NA
1943,"Luzern",1705.8,454,804,9.4,NA,NA,NA,NA,NA,NA
1943,"Neuenburg",1867.2,485,819.1,10.1,NA,NA,NA,NA,NA,NA
1943,"Säntis",1728.6,2501,2320.5,-1.1,NA,NA,NA,NA,NA,NA
1943,"Samedan",NA,1709,490.6,2,NA,NA,NA,NA,NA,NA
1943,"Sitten",NA,482,441.2,9.9,NA,NA,NA,NA,NA,NA
1943,"St.Gallen",NA,776,970.7,7.9,NA,NA,NA,NA,NA,NA
1943,"ZürichFluntern",1808.53333333333,556,763.1,9.2,NA,NA,NA,NA,NA,NA
1944,"BaselBinningen",1442.6,316,830.4,9.3,NA,NA,NA,NA,NA,NA
1944,"BernZollikofen",1679.4,553,1015.7,7.4,NA,NA,NA,NA,NA,NA
1944,"Davos",1558.8,1594,1104.4,1.7,NA,NA,NA,NA,NA,NA
1944,"GenfCointrin",1792,411,846,9.6,NA,NA,NA,NA,NA,NA
1944,"LocarnoMonti",2375.8,367,1600.1,11.3,NA,NA,NA,NA,NA,NA
1944,"Lugano",2184.9,273,1217.2,11.5,NA,NA,NA,NA,NA,NA
1944,"Luzern",1450.1,454,1225.7,8.3,NA,NA,NA,NA,NA,NA
1944,"Neuenburg",1683.7,485,1043.1,9.1,NA,NA,NA,NA,NA,NA
1944,"Säntis",1333.3,2501,3303.9,-2.8,NA,NA,NA,NA,NA,NA
1944,"Samedan",NA,1709,752.7,0.9,NA,NA,NA,NA,NA,NA
1944,"Sitten",NA,482,733.2,8.5,NA,NA,NA,NA,NA,NA
1944,"St.Gallen",NA,776,1570.5,7,NA,NA,NA,NA,NA,NA
1944,"ZürichFluntern",1479.96666666667,556,1087.2,8.2,NA,NA,NA,NA,NA,NA
1945,"BaselBinningen",1854.95,316,644.6,10,NA,NA,NA,NA,NA,NA
1945,"BernZollikofen",2025,553,753,8.2,NA,NA,NA,NA,NA,NA
1945,"Davos",1786,1594,968.8,2.5,NA,NA,NA,NA,NA,NA
1945,"GenfCointrin",2011.66666666667,411,659.4,10.3,NA,NA,NA,NA,NA,NA
1945,"LocarnoMonti",2740.8,367,1736.4,12.3,NA,NA,NA,NA,NA,NA
1945,"Lugano",2590.5,273,1269.2,12.5,NA,NA,NA,NA,NA,NA
1945,"Luzern",1776.3,454,1089.8,9,NA,NA,NA,NA,NA,NA
1945,"Neuenburg",1929.1,485,726.7,9.9,NA,NA,NA,NA,NA,NA
1945,"Säntis",1615.9,2501,2829.8,-1.6,NA,NA,NA,NA,NA,NA
1945,"Samedan",NA,1709,587.4,1.6,NA,NA,NA,NA,NA,NA
1945,"Sitten",NA,482,520,9.4,NA,NA,NA,NA,NA,NA
1945,"St.Gallen",NA,776,1429.1,7.7,NA,NA,NA,NA,NA,NA
1945,"ZürichFluntern",1857.9,556,1012.1,9,NA,NA,NA,NA,NA,NA
1946,"BaselBinningen",1622.05,316,752.4,9.5,NA,NA,NA,NA,NA,NA
1946,"BernZollikofen",1697.88333333333,553,971.2,7.9,NA,NA,NA,NA,NA,NA
1946,"Davos",1693.6,1594,929,3,NA,NA,NA,NA,NA,NA
1946,"GenfCointrin",1782.71666666667,411,899,10,NA,NA,NA,NA,NA,NA
1946,"LocarnoMonti",2188.1,367,1961.8,11.5,NA,NA,NA,NA,NA,NA
1946,"Lugano",2036.3,273,1603.2,11.7,NA,NA,NA,NA,NA,NA
1946,"Luzern",1555.3,454,1112.7,8.9,NA,NA,NA,NA,NA,NA
1946,"Neuenburg",1666.2,485,939,9.4,NA,NA,NA,NA,NA,NA
1946,"Säntis",1643.2,2501,2222.2,-1.5,NA,NA,NA,NA,NA,NA
1946,"Samedan",NA,1709,655.7,1.5,NA,NA,NA,NA,NA,NA
1946,"Sitten",NA,482,566.2,9.2,NA,NA,NA,NA,NA,NA
1946,"St.Gallen",NA,776,1274.3,7.5,NA,NA,NA,NA,NA,NA
1946,"ZürichFluntern",1649.43333333333,556,1094.8,8.6,NA,NA,NA,NA,NA,NA
1947,"BaselBinningen",1805.31666666667,316,513.7,10.5,NA,NA,NA,NA,NA,NA
1947,"BernZollikofen",1950.5,553,672.8,9.2,NA,NA,NA,NA,NA,NA
1947,"Davos",1789.5,1594,983.6,3.6,NA,NA,NA,NA,NA,NA
1947,"GenfCointrin",1958.8,411,868.8,10.9,NA,NA,NA,NA,NA,NA
1947,"LocarnoMonti",2309.1,367,1916.4,11.9,NA,NA,NA,NA,NA,NA
1947,"Lugano",2167.18333333333,273,1352.9,12.2,NA,NA,NA,NA,NA,NA
1947,"Luzern",1772.4,454,880.4,9.7,NA,NA,NA,NA,NA,NA
1947,"Neuenburg",1860.1,485,711.2,10.5,NA,NA,NA,NA,NA,NA
1947,"Säntis",1712.6,2501,2416.3,-0.9,NA,NA,NA,NA,NA,NA
1947,"Samedan",NA,1709,581.4,2.3,NA,NA,NA,NA,NA,NA
1947,"Sitten",NA,482,521.1,10.3,NA,NA,NA,NA,NA,NA
1947,"St.Gallen",NA,776,1192.5,8.2,NA,NA,NA,NA,NA,NA
1947,"ZürichFluntern",1889.28333333333,556,874.8,9.4,NA,NA,NA,NA,NA,NA
1948,"BaselBinningen",1655.9,316,785.9,9.9,NA,NA,NA,NA,NA,NA
1948,"BernZollikofen",1796.3,553,944.1,8.5,NA,NA,NA,NA,NA,NA
1948,"Davos",1762.4,1594,1018.4,3.2,NA,NA,NA,NA,NA,NA
1948,"GenfCointrin",1794.05,411,927.8,10.1,NA,NA,NA,NA,NA,NA
1948,"LocarnoMonti",2350.1,367,1921.8,11.9,NA,NA,NA,NA,NA,NA
1948,"Lugano",2168.3,273,1602.4,12.4,NA,NA,NA,NA,NA,NA
1948,"Luzern",1624.1,454,973,9.3,NA,NA,NA,NA,NA,NA
1948,"Neuenburg",1663.3,485,910.6,9.7,NA,NA,NA,NA,NA,NA
1948,"Säntis",1875.3,2501,2651.9,-0.9,NA,NA,NA,NA,NA,NA
1948,"Samedan",NA,1709,704.1,2,NA,NA,NA,NA,NA,NA
1948,"Sitten",NA,482,487.6,9.7,NA,NA,NA,NA,NA,NA
1948,"St.Gallen",NA,776,1328.8,7.8,NA,NA,NA,NA,NA,NA
1948,"ZürichFluntern",1667.73333333333,556,889.2,8.9,NA,NA,NA,NA,NA,NA
1949,"BaselBinningen",1880.16666666667,316,568.6,10.4,NA,NA,NA,NA,NA,NA
1949,"BernZollikofen",2130.7,553,632.8,9,NA,NA,NA,NA,NA,NA
1949,"Davos",1851.6,1594,833.3,3.2,NA,NA,NA,NA,NA,NA
1949,"GenfCointrin",2020.21666666667,411,696.1,10.6,NA,NA,NA,NA,NA,NA
1949,"LocarnoMonti",2549.5,367,1424.1,12.4,NA,NA,NA,NA,NA,NA
1949,"Lugano",2329.4,273,1208,12.7,NA,NA,NA,NA,NA,NA
1949,"Luzern",1892.3,454,747.6,9.6,NA,NA,NA,NA,NA,NA
1949,"Neuenburg",2064.6,485,688.4,10.2,NA,NA,NA,NA,NA,NA
1949,"Säntis",1930.7,2501,1916.5,-1.1,NA,NA,NA,NA,NA,NA
1949,"Samedan",NA,1709,477.7,1.9,NA,NA,NA,NA,NA,NA
1949,"Sitten",NA,482,407.2,10,NA,NA,NA,NA,NA,NA
1949,"St.Gallen",NA,776,1099.9,8,NA,NA,NA,NA,NA,NA
1949,"ZürichFluntern",1935.7,556,646.7,9.4,NA,NA,NA,NA,NA,NA
1950,"BaselBinningen",1589.71666666667,316,940.8,10,NA,NA,NA,NA,NA,NA
1950,"BernZollikofen",1834.1,553,1121.8,8.6,NA,NA,NA,NA,NA,NA
1950,"Davos",1696,1594,1043.9,2.8,NA,NA,NA,NA,NA,NA
1950,"GenfCointrin",1924.33333333333,411,932.5,10.4,NA,NA,NA,NA,NA,NA
1950,"LocarnoMonti",2283.1,367,1887.9,11.9,NA,NA,NA,NA,NA,NA
1950,"Lugano",2097.1,273,1609.3,12.2,NA,NA,NA,NA,NA,NA
1950,"Luzern",1659.8,454,1188.4,9.2,NA,NA,NA,NA,NA,NA
1950,"Neuenburg",1793,485,1084,9.7,NA,NA,NA,NA,NA,NA
1950,"Säntis",1765.2,2501,2275.3,-1.3,NA,NA,NA,NA,NA,NA
1950,"Samedan",NA,1709,727.5,1.5,NA,NA,NA,NA,NA,NA
1950,"Sitten",NA,482,627.9,9.6,NA,NA,NA,NA,NA,NA
1950,"St.Gallen",NA,776,1345.2,7.9,NA,NA,NA,NA,NA,NA
1950,"ZürichFluntern",1712.06666666667,556,1052.7,9,NA,NA,NA,NA,NA,NA
1951,"BaselBinningen",1412.41666666667,316,950.4,9.6,NA,NA,NA,NA,NA,NA
1951,"BernZollikofen",1607.2,553,1177.9,8.1,NA,NA,NA,NA,NA,NA
1951,"Davos",1558.9,1594,1049.1,2.9,NA,NA,NA,NA,NA,NA
1951,"GenfCointrin",1641.71666666667,411,985,9.6,NA,NA,NA,NA,NA,NA
1951,"LocarnoMonti",2060.5,367,2956.6,11.2,NA,NA,NA,NA,NA,NA
1951,"Lugano",1845.4,273,2224.3,11.5,NA,NA,NA,NA,NA,NA
1951,"Luzern",1443.7,454,1187.1,8.8,NA,NA,NA,NA,NA,NA
1951,"Neuenburg",1547.4,485,928.4,9.3,NA,NA,NA,NA,NA,NA
1951,"Säntis",1978.2,2501,2017.3,-1.5,NA,NA,NA,NA,NA,NA
1951,"Samedan",NA,1709,857,1.7,NA,NA,NA,NA,NA,NA
1951,"Sitten",NA,482,563.3,9.4,NA,NA,NA,NA,NA,NA
1951,"St.Gallen",NA,776,1460.6,7.8,NA,NA,NA,NA,NA,NA
1951,"ZürichFluntern",1489.08333333333,556,1076.8,8.6,NA,NA,NA,NA,NA,NA
1952,"BaselBinningen",1537.85,316,920.8,9.7,NA,NA,NA,NA,NA,NA
1952,"BernZollikofen",1787.08333333333,553,1234.1,8.3,NA,NA,NA,NA,NA,NA
1952,"Davos",1527.6,1594,1127.2,2.2,NA,NA,NA,NA,NA,NA
1952,"GenfCointrin",1902.15,411,1089.4,9.9,NA,NA,NA,NA,NA,NA
1952,"LocarnoMonti",2365.4,367,1829.5,11.3,NA,NA,NA,NA,NA,NA
1952,"Lugano",2143.8,273,1396.9,11.6,NA,NA,NA,NA,NA,NA
1952,"Luzern",1526.1,454,1165.4,8.9,NA,NA,NA,NA,NA,NA
1952,"Neuenburg",1822.9,485,1155.4,9.6,NA,NA,NA,NA,NA,NA
1952,"Säntis",1677.9,2501,3117.5,-2.5,NA,NA,NA,NA,NA,NA
1952,"Samedan",NA,1709,781.6,1.4,NA,NA,NA,NA,NA,NA
1952,"Sitten",NA,482,829.9,9.2,NA,NA,NA,NA,NA,NA
1952,"St.Gallen",NA,776,1632.4,7.4,NA,NA,NA,NA,NA,NA
1952,"ZürichFluntern",1677.81666666667,556,1261.5,8.6,NA,NA,NA,NA,NA,NA
1953,"BaselBinningen",1744.15,316,498.9,9.6,NA,NA,NA,NA,NA,NA
1953,"BernZollikofen",1791.8,553,728.7,8,NA,NA,NA,NA,NA,NA
1953,"Davos",1762.2,1594,744.6,2.7,NA,NA,NA,NA,NA,NA
1953,"GenfCointrin",1799.61666666667,411,641.1,9.7,NA,NA,NA,NA,NA,NA
1953,"LocarnoMonti",2329.6,367,1779.6,11.9,NA,NA,NA,NA,NA,NA
1953,"Lugano",2114.9,273,1365.3,12,NA,NA,NA,NA,NA,NA
1953,"Luzern",1540,454,1026.1,8.8,NA,NA,NA,NA,NA,NA
1953,"Neuenburg",1724.8,485,662.8,9.2,NA,NA,NA,NA,NA,NA
1953,"Säntis",2261.9,2501,1736.8,-1,NA,NA,NA,NA,NA,NA
1953,"Samedan",NA,1709,551.9,1.7,NA,NA,NA,NA,NA,NA
1953,"Sitten",NA,482,338.9,9.1,NA,NA,NA,NA,NA,NA
1953,"St.Gallen",NA,776,1242.8,7.4,NA,NA,NA,NA,NA,NA
1953,"ZürichFluntern",1765.5,556,844.4,8.5,NA,NA,NA,NA,NA,NA
1954,"BaselBinningen",1437.33333333333,316,876.4,9,NA,NA,NA,NA,NA,NA
1954,"BernZollikofen",1607.1,553,1131.6,7.7,NA,NA,NA,NA,NA,NA
1954,"Davos",1392.8,1594,1303.1,1.9,NA,NA,NA,NA,NA,NA
1954,"GenfCointrin",1722.23333333333,411,1016.9,9.4,NA,NA,NA,NA,NA,NA
1954,"LocarnoMonti",2151.4,367,1979.4,11,NA,NA,NA,NA,NA,NA
1954,"Lugano",1961,273,1670.5,11.2,NA,NA,NA,NA,NA,NA
1954,"Luzern",1367.4,454,1154.2,8.3,NA,NA,NA,NA,NA,NA
1954,"Neuenburg",1595.8,485,960.1,8.9,NA,NA,NA,NA,NA,NA
1954,"Säntis",1677.4,2501,2700,-2.6,NA,NA,NA,NA,NA,NA
1954,"Samedan",NA,1709,890.2,1.4,NA,NA,NA,NA,NA,NA
1954,"Sitten",NA,482,677.4,8.7,NA,NA,NA,NA,NA,NA
1954,"St.Gallen",NA,776,1622.7,6.8,NA,NA,NA,NA,NA,NA
1954,"ZürichFluntern",1518.73333333333,556,1117.5,8,NA,NA,NA,NA,NA,NA
1955,"BaselBinningen",1542.83333333333,316,892.1,9.1,NA,NA,NA,NA,NA,NA
1955,"BernZollikofen",1671.28333333333,553,1089.7,7.6,NA,NA,NA,NA,NA,NA
1955,"Davos",1601.9,1594,888.1,2,NA,NA,NA,NA,NA,NA
1955,"GenfCointrin",1801.93333333333,411,979.3,9.7,NA,NA,NA,NA,NA,NA
1955,"LocarnoMonti",2328.6,367,1327.1,11.4,NA,NA,NA,NA,NA,NA
1955,"Lugano",2127.3,273,1209.5,11.7,NA,NA,NA,NA,NA,NA
1955,"Luzern",1389.6,454,1220.4,8.5,NA,NA,NA,NA,NA,NA
1955,"Neuenburg",1584.4,485,873.6,8.9,NA,NA,NA,NA,NA,NA
1955,"Säntis",1773.8,2501,2733.4,-2.4,NA,NA,NA,NA,NA,NA
1955,"Samedan",NA,1709,490.1,1,NA,NA,NA,NA,NA,NA
1955,"Sitten",NA,482,684.1,9,NA,NA,NA,NA,NA,NA
1955,"St.Gallen",NA,776,1653,6.8,NA,NA,NA,NA,NA,NA
1955,"ZürichFluntern",1538.65,556,1087.8,8.1,NA,NA,NA,NA,NA,NA
1956,"BaselBinningen",1468.96666666667,316,849.4,7.9,NA,NA,NA,NA,NA,NA
1956,"BernZollikofen",1721.7,553,1043.7,6.5,NA,NA,NA,NA,NA,NA
1956,"Davos",1654,1594,944.7,0.9,NA,NA,NA,NA,NA,NA
1956,"GenfCointrin",1775.7,411,842.8,8.5,NA,NA,NA,NA,NA,NA
1956,"LocarnoMonti",2278,367,2180.1,10.6,NA,NA,NA,NA,NA,NA
1956,"Lugano",2108.8,273,1522.8,10.8,NA,NA,NA,NA,NA,NA
1956,"Luzern",1373.5,454,1108.7,7.4,NA,NA,NA,NA,NA,NA
1956,"Neuenburg",1530.2,485,931.5,7.8,NA,NA,NA,NA,NA,NA
1956,"Säntis",1964.6,2501,2608.7,-3.3,NA,NA,NA,NA,NA,NA
1956,"Samedan",NA,1709,641.4,-0.1,NA,NA,NA,NA,NA,NA
1956,"Sitten",NA,482,491.9,7.9,NA,NA,NA,NA,NA,NA
1956,"St.Gallen",NA,776,1610.9,6,NA,NA,NA,NA,NA,NA
1956,"ZürichFluntern",1520.6,556,1137.6,7.1,NA,NA,NA,NA,NA,NA
1957,"BaselBinningen",1632.88333333333,316,702.6,9.5,NA,NA,NA,NA,NA,NA
1957,"BernZollikofen",1783.3,553,924.8,7.9,NA,NA,NA,NA,NA,NA
1957,"Davos",1697,1594,884.4,3,NA,NA,NA,NA,NA,NA
1957,"GenfCointrin",1838.51666666667,411,666.3,9.5,NA,NA,NA,NA,NA,NA
1957,"LocarnoMonti",2204.2,367,2228.9,11.5,NA,NA,NA,NA,NA,NA
1957,"Lugano",1993.6,273,1829.6,11.6,NA,NA,NA,NA,NA,NA
1957,"Luzern",1419.9,454,1021.3,8.7,NA,NA,NA,NA,NA,NA
1957,"Neuenburg",1567.9,485,760.2,9.2,NA,NA,NA,NA,NA,NA
1957,"Säntis",1960.9,2501,2652.6,-1.4,NA,NA,NA,NA,NA,NA
1957,"Samedan",NA,1709,675.3,1.3,NA,NA,NA,NA,NA,NA
1957,"Sitten",NA,482,579.1,9.1,NA,NA,NA,NA,NA,NA
1957,"St.Gallen",NA,776,1416.5,7.5,NA,NA,NA,NA,NA,NA
1957,"ZürichFluntern",1601,556,987.7,8.6,NA,NA,NA,NA,NA,NA
1958,"BaselBinningen",1511.83333333333,316,774.7,9.6,NA,NA,NA,NA,NA,NA
1958,"BernZollikofen",1683.38333333333,553,1102.7,7.9,NA,NA,NA,NA,NA,NA
1958,"Davos",1683.3,1594,1092.5,2.6,NA,NA,NA,NA,NA,NA
1958,"GenfCointrin",1632.05,411,969.6,9.6,NA,NA,NA,NA,NA,NA
1958,"LocarnoMonti",2223.8,367,2049.1,11.6,NA,NA,NA,NA,NA,NA
1958,"Lugano",2055.4,273,1567.3,12,NA,NA,NA,NA,NA,NA
1958,"Luzern",1408.5,454,1193.3,8.8,NA,NA,NA,NA,NA,NA
1958,"Neuenburg",1447.7,485,876.3,9.3,NA,NA,NA,NA,NA,NA
1958,"Säntis",1850,2501,2946,-1.6,NA,NA,NA,NA,NA,NA
1958,"Samedan",NA,1709,756.4,1.1,NA,NA,NA,NA,NA,NA
1958,"Sitten",NA,482,633.6,9,NA,NA,NA,NA,NA,NA
1958,"St.Gallen",NA,776,1528.2,7.5,NA,NA,NA,NA,NA,NA
1958,"ZürichFluntern",1550.06666666667,556,1348.3,8.6,NA,NA,NA,NA,NA,NA
1959,"BaselBinningen",1834.46666666667,316,702.6,10.2,7,70,55,7,0,104
1959,"BernZollikofen",2021.4,553,914.3,8.5,17,110,39,3,0,108
1959,"Davos",1753.2,1594,649.4,3.2,39,208,0,0,0,100
1959,"GenfCointrin",1958.18333333333,411,874.7,10.2,3,78,53,9,0,105
1959,"LocarnoMonti",2288.8,367,1701.2,12,0,30,51,1,4,100
1959,"Lugano",2090.3,273,1842.1,12.1,0,27,63,2,4,107
1959,"Luzern",1635.4,454,971.7,9.2,11,93,36,3,0,118
1959,"Neuenburg",1729.7,485,801.9,10.1,10,54,48,5,0,112
1959,"Säntis",2089.3,2501,1839.3,-0.8,133,244,0,0,0,130
1959,"Samedan",NA,1709,478.2,1.4,58,252,1,0,0,83
1959,"Sitten",NA,482,548.2,10.1,6,97,68,9,0,80
1959,"St.Gallen",1732.1,776,1214.9,7.9,29,97,10,0,0,118
1959,"ZürichFluntern",1848.65,556,878.4,9.2,17,76,34,2,0,111
1960,"BaselBinningen",1462.93333333333,316,796.8,9.6,18,68,23,2,0,132
1960,"BernZollikofen",1771,553,1070.4,7.8,23,102,13,0,0,136
1960,"Davos",1536.8,1594,1136.3,2.8,42,209,0,0,0,124
1960,"GenfCointrin",1846.75,411,1334.2,9.7,11,62,34,2,0,121
1960,"LocarnoMonti",2013.2,367,3034.4,10.9,2,39,21,0,0,129
1960,"Lugano",1783.9,273,2594.8,11.1,2,28,34,0,0,138
1960,"Luzern",1535,454,1339.1,8.7,17,72,20,1,0,148
1960,"Neuenburg",1536.8,485,969.9,9.3,18,48,17,0,0,129
1960,"Säntis",1609.7,2501,2833.2,-2.2,190,272,0,0,0,186
1960,"Samedan",NA,1709,1077,0.8,65,259,0,0,0,113
1960,"Sitten",NA,482,618,9.5,12,82,32,2,0,93
1960,"St.Gallen",1398.9,776,1555.2,7.6,22,82,8,0,0,157
1960,"ZürichFluntern",1608.98333333333,556,1226.2,8.6,24,69,19,0,0,152
1961,"BaselBinningen",1720.16666666667,316,732.2,10.5,14,49,47,10,0,128
1961,"BernZollikofen",1855.8,553,1002.1,8.8,18,102,34,0,0,126
1961,"Davos",1853.6,1594,791.9,3.7,44,193,0,0,0,104
1961,"GenfCointrin",1867.45,411,753.8,10.6,5,63,52,10,0,101
1961,"LocarnoMonti",2442.4,367,1422.4,12.2,3,41,55,0,2,89
1961,"Lugano",2215.4,273,1272.7,12.2,0,44,65,0,3,88
1961,"Luzern",1668.8,454,927,9.7,14,82,37,1,0,133
1961,"Neuenburg",1776.6,485,887.2,10.3,15,47,33,0,0,128
1961,"Säntis",1982.5,2501,2706.8,-0.9,176,265,0,0,0,161
1961,"Samedan",NA,1709,487.4,1.8,56,245,0,0,0,79
1961,"Sitten",NA,482,610.6,10,10,95,53,7,0,82
1961,"St.Gallen",1585.3,776,1289.4,8.4,23,80,12,0,0,138
1961,"ZürichFluntern",1782.68333333333,556,898.2,9.5,21,63,34,2,0,130
1962,"BaselBinningen",1694.95,316,613.8,8.6,22,96,48,8,0,105
1962,"BernZollikofen",1942.8,553,780.5,7.1,29,140,38,5,0,113
1962,"Davos",1915.3,1594,885.4,1.6,86,238,1,0,0,118
1962,"GenfCointrin",1976.03333333333,411,713.3,9.1,15,105,60,23,0,98
1962,"LocarnoMonti",2394.9,367,1203.7,11.2,2,46,72,4,6,88
1962,"Lugano",2221.5,273,1020,11.4,2,55,64,2,4,87
1962,"Luzern",1695.8,454,1028.5,7.9,25,117,39,6,0,121
1962,"Neuenburg",1965.1,485,785.6,8.7,20,93,49,8,0,108
1962,"Säntis",1937.7,2501,2413.3,-2.9,207,262,0,0,0,174
1962,"Samedan",NA,1709,461.4,0.4,87,266,3,0,0,82
1962,"Sitten",NA,482,536.8,8.7,17,117,63,14,0,68
1962,"St.Gallen",1537.8,776,1326.6,6.5,47,120,12,0,0,146
1962,"ZürichFluntern",1815.31666666667,556,930.7,7.6,33,108,35,4,0,113
1963,"BaselBinningen",1455.61666666667,316,742.5,8.5,48,94,30,4,0,115
1963,"BernZollikofen",1685.6,553,960.4,6.7,54,125,21,1,0,124
1963,"Davos",1630.6,1594,883.9,1.9,78,201,1,0,0,113
1963,"GenfCointrin",1664.78333333333,411,1006.7,8.5,45,84,34,1,0,117
1963,"LocarnoMonti",2076.2,367,2564.1,10.6,11,55,38,0,3,116
1963,"Lugano",1802.8,273,2192.4,10.9,6,65,42,1,0,119
1963,"Luzern",1378.2,454,1168,7.5,52,104,24,0,0,133
1963,"Neuenburg",1652.9,485,998.9,8.1,53,83,21,0,0,124
1963,"Säntis",1936.1,2501,2190.3,-2.3,173,258,0,0,0,163
1963,"Samedan",NA,1709,866.6,0.3,86,247,0,0,0,94
1963,"Sitten",NA,482,547,8.4,37,94,47,9,0,76
1963,"St.Gallen",1271.6,776,1336.1,6.3,66,107,13,0,0,141
1963,"ZürichFluntern",1555.43333333333,556,973.5,7.4,56,98,23,1,0,123
1964,"BaselBinningen",1590.11666666667,316,663.2,9.8,21,82,56,18,0,100
1964,"BernZollikofen",1642.4,553,855.9,8,38,117,41,8,0,110
1964,"Davos",1714.3,1594,805.3,3.1,53,214,0,0,0,121
1964,"GenfCointrin",1725.65,411,736.1,9.8,18,72,58,15,0,88
1964,"LocarnoMonti",2250.4,367,1335.5,11.8,0,34,63,6,4,104
1964,"Lugano",2023.4,273,1297.6,11.8,0,38,53,1,2,106
1964,"Luzern",1437.7,454,988.1,8.8,30,95,49,9,0,119
1964,"Neuenburg",1699.4,485,589.8,9.5,28,77,38,11,0,92
1964,"Säntis",1986,2501,2577.5,-1.2,174,250,0,0,0,157
1964,"Samedan",NA,1709,557.3,1.8,65,250,2,0,0,92
1964,"Sitten",NA,482,431.5,9.2,16,113,64,17,0,72
1964,"St.Gallen",1318.3,776,1327.4,7.3,52,102,22,0,0,130
1964,"ZürichFluntern",1578.33333333333,556,916.2,8.5,44,88,42,7,0,128
1965,"BaselBinningen",1284.86666666667,316,1005.7,9.2,12,79,29,3,0,154
1965,"BernZollikofen",1488.5,553,1371.8,7.2,17,116,23,2,0,166
1965,"Davos",1500.6,1594,1169.8,1.8,85,234,2,0,0,155
1965,"GenfCointrin",1540.78333333333,411,1198.5,8.8,5,83,38,6,0,151
1965,"LocarnoMonti",2266.7,367,1717.1,11,0,60,37,3,2,91
1965,"Lugano",1998.1,273,1196.1,11,0,56,34,2,1,102
1965,"Luzern",1229.6,454,1459.4,7.9,15,103,20,3,0,177
1965,"Neuenburg",1439.1,485,1275.9,8.5,11,76,22,0,0,161
1965,"Säntis",1580.5,2501,3466.5,-3.1,204,270,0,0,0,229
1965,"Samedan",NA,1709,786.4,0.4,87,259,0,0,0,104
1965,"Sitten",NA,482,833.3,8.3,13,100,39,8,0,100
1965,"St.Gallen",1097.9,776,1649.4,6.6,48,99,9,0,0,187
1965,"ZürichFluntern",1342.15,556,1447,7.6,22,87,18,2,0,175
1966,"BaselBinningen",1394.15,316,889.5,9.9,15,60,35,2,0,134
1966,"BernZollikofen",1662.9,553,1067,8.3,17,110,29,2,0,136
1966,"Davos",1572.9,1594,1114.1,2.6,78,198,1,0,0,133
1966,"GenfCointrin",1736.73333333333,411,944.5,10,11,69,45,9,0,129
1966,"LocarnoMonti",2305.7,367,2112.5,11.4,1,38,40,0,0,109
1966,"Lugano",2029,273,1861.8,11.6,0,46,45,0,0,117
1966,"Luzern",1440,454,1158.6,9,17,89,34,1,0,159
1966,"Neuenburg",1646,485,1025.7,9.7,15,53,28,3,1,141
1966,"Säntis",1695,2501,3268.6,-2.2,186,253,0,0,0,198
1966,"Samedan",NA,1709,803.5,1.4,66,231,3,0,0,100
1966,"Sitten",NA,482,588.9,9.4,18,77,51,11,0,94
1966,"St.Gallen",1348.9,776,1635.2,7.8,27,89,8,0,0,175
1966,"ZürichFluntern",1518.36666666667,556,1231.9,8.7,18,75,27,2,0,160
1967,"BaselBinningen",1602.18333333333,316,775.2,9.8,18,72,50,8,0,115
1967,"BernZollikofen",1842.3,553,852.4,8.2,24,111,34,2,0,117
1967,"Davos",1759.9,1594,1000,2.7,64,213,0,0,0,123
1967,"GenfCointrin",1926.26666666667,411,836.1,9.7,16,84,49,13,0,109
1967,"LocarnoMonti",2390.9,367,1870.6,11.5,3,37,51,2,4,100
1967,"Lugano",2117.9,273,1313.5,11.9,0,44,52,0,3,93
1967,"Luzern",1524.2,454,1048.5,9,23,81,32,2,0,132
1967,"Neuenburg",1862.8,485,888.6,9.7,15,62,30,2,0,110
1967,"Säntis",2010.3,2501,2496.6,-1.8,166,247,0,0,0,179
1967,"Samedan",NA,1709,744.3,0.9,64,264,2,0,0,98
1967,"Sitten",NA,482,527.6,9.5,17,103,59,13,0,80
1967,"St.Gallen",1612.4,776,1469.8,7.7,26,91,17,1,0,142
1967,"ZürichFluntern",1696.63333333333,556,1026.6,8.7,25,72,36,5,0,121
1968,"BaselBinningen",1397.61666666667,316,874.9,9.3,21,80,27,3,0,142
1968,"BernZollikofen",1645.8,553,1150.7,7.7,27,122,17,4,0,136
1968,"Davos",1712.2,1594,1056,2.6,61,206,4,0,0,134
1968,"GenfCointrin",1657.65,411,1132.9,9.4,12,70,28,10,0,133
1968,"LocarnoMonti",2181,367,2229.2,11,3,36,30,1,5,127
1968,"Lugano",1928.7,273,1676.8,11.3,0,43,26,0,6,122
1968,"Luzern",1375.4,454,1154.2,8.6,20,108,21,3,0,147
1968,"Neuenburg",1581.9,485,1121.8,9.3,17,65,17,3,1,143
1968,"Säntis",1933.5,2501,2848.3,-2.1,164,261,0,0,0,172
1968,"Samedan",NA,1709,775,0.8,75,255,5,0,0,107
1968,"Sitten",NA,482,671.1,9.3,14,95,35,10,0,90
1968,"St.Gallen",1428.2,776,1367.3,7.2,45,113,10,0,0,145
1968,"ZürichFluntern",1566.46666666667,556,1086.6,8.2,31,93,20,1,0,144
1969,"BaselBinningen",1520.53333333333,316,856.9,9,31,84,44,6,0,120
1969,"BernZollikofen",1679.7,553,869,7.5,41,126,32,0,0,125
1969,"Davos",1712.5,1594,874.1,2.6,80,209,0,0,0,122
1969,"GenfCointrin",1676.66666666667,411,818.7,9.1,22,96,42,8,0,98
1969,"LocarnoMonti",2220.8,367,1574.2,11,1,60,45,3,3,104
1969,"Lugano",1945.1,273,1175.9,11.1,0,56,37,0,3,98
1969,"Luzern",1403,454,1049.6,8.2,34,115,35,2,0,135
1969,"Neuenburg",1553.8,485,920.4,8.9,33,80,32,2,0,112
1969,"Säntis",2028.6,2501,2331.4,-2.3,189,240,0,0,0,159
1969,"Samedan",NA,1709,624.5,0.9,87,258,1,0,0,96
1969,"Sitten",NA,482,525.3,8.8,29,111,49,11,0,82
1969,"St.Gallen",1441.6,776,1327.8,6.9,46,121,18,0,0,133
1969,"ZürichFluntern",1553.76666666667,556,894.5,8,41,106,37,1,0,125
1970,"BaselBinningen",1353.55,316,857,9.2,17,85,41,1,0,138
1970,"BernZollikofen",1586.7,553,1059.1,7.5,30,128,29,1,0,143
1970,"Davos",1589.9,1594,1238.2,2.3,87,219,1,0,0,153
1970,"GenfCointrin",1664.2,411,962.7,9.3,14,91,56,13,0,123
1970,"LocarnoMonti",2271.2,367,1726.6,11,1,50,53,2,1,98
1970,"Lugano",2050.2,273,1404.2,11.3,0,39,53,1,0,109
1970,"Luzern",1316,454,1250.6,8.1,28,109,34,1,0,156
1970,"Neuenburg",1526.8,485,1039.1,8.9,24,84,33,1,0,135
1970,"Säntis",1576.4,2501,3520.7,-2.7,179,258,0,0,0,211
1970,"Samedan",NA,1709,736.4,0.7,91,256,1,0,0,116
1970,"Sitten",NA,482,669.7,9,17,106,59,11,0,93
1970,"St.Gallen",1331.2,776,1556.6,7,47,119,10,0,0,177
1970,"ZürichFluntern",1463.8,556,1331.5,7.9,31,105,33,1,0,152
1971,"BaselBinningen",1692.21666666667,316,634.6,9.3,17,84,46,11,0,98
1971,"BernZollikofen",1944.8,553,898.7,7.6,31,129,35,2,0,93
1971,"Davos",1932.7,1594,703.3,3.1,57,201,2,0,0,101
1971,"GenfCointrin",1872.98333333333,411,651.9,9.3,24,98,56,21,0,81
1971,"LocarnoMonti",2348.5,367,1682.6,11.4,2,37,55,0,5,108
1971,"Lugano",2106.3,273,1494.7,11.8,1,35,50,0,5,101
1971,"Luzern",1505.5,454,1047,8.3,30,112,40,10,0,110
1971,"Neuenburg",1860.9,485,748.6,9.2,31,82,41,5,1,88
1971,"Säntis",2093.7,2501,2094.3,-1.6,167,241,0,0,0,149
1971,"Samedan",NA,1709,591.4,1.1,82,251,3,0,0,89
1971,"Sitten",NA,482,539.3,9.1,14,116,54,18,0,66
1971,"St.Gallen",1686,776,1168.8,7.3,35,109,19,0,0,129
1971,"ZürichFluntern",1791.63333333333,556,903,8.3,29,98,31,4,0,114
1972,"BaselBinningen",1470.38333333333,316,633.8,8.9,15,67,24,2,0,98
1972,"BernZollikofen",1562.2,553,901,7.4,26,113,19,0,0,113
1972,"Davos",1652.9,1594,779.5,2.9,36,246,3,0,0,114
1972,"GenfCointrin",1566.96666666667,411,723.5,9.2,4,78,33,6,0,90
1972,"LocarnoMonti",1827,367,1726.6,10.8,0,21,35,1,1,136
1972,"Lugano",1677.7,273,1618.3,11.3,0,15,25,0,3,136
1972,"Luzern",1189.8,454,1134.4,8,20,90,23,1,0,115
1972,"Neuenburg",1535.3,485,724.8,8.8,13,57,22,1,0,101
1972,"Säntis",1747.6,2501,2058.1,-2.1,201,284,0,0,0,144
1972,"Samedan",NA,1709,585.8,1.2,63,264,2,0,0,103
1972,"Sitten",NA,482,427.2,9.2,4,71,37,10,0,66
1972,"St.Gallen",1357.9,776,1261.7,6.9,37,100,9,0,0,125
1972,"ZürichFluntern",1500.86666666667,556,950.7,7.9,24,73,21,1,0,120
1973,"BaselBinningen",1480.81666666667,316,760.3,9.2,14,101,50,4,0,117
1973,"BernZollikofen",1638.2,553,950.3,7.5,26,148,37,0,0,107
1973,"Davos",1692,1594,1024.2,2.6,84,212,0,0,0,138
1973,"GenfCointrin",1740.1,411,728.2,9.1,11,112,61,6,0,96
1973,"LocarnoMonti",2276.4,367,1443.2,11.5,0,45,68,2,2,90
1973,"Lugano",2131.8,273,1311.7,11.7,0,38,56,1,1,90
1973,"Luzern",1363.8,454,1136,8.4,17,123,46,2,0,125
1973,"Neuenburg",1656.3,485,711,9.1,16,87,42,1,0,116
1973,"Säntis",1714.9,2501,3071.9,-2.3,190,254,0,0,0,168
1973,"Samedan",NA,1709,788.2,1.2,80,242,2,0,0,108
1973,"Sitten",NA,482,505.1,8.8,10,122,66,8,0,74
1973,"St.Gallen",1375.9,776,1359,7.1,43,130,18,0,0,148
1973,"ZürichFluntern",1521.08333333333,556,1052.2,8,23,115,39,0,0,136
1974,"BaselBinningen",1344.6,316,701.8,10,0,35,30,7,0,125
1974,"BernZollikofen",1520,553,929.4,8.3,2,96,22,3,0,137
1974,"Davos",1578.2,1594,1122.9,2.7,54,242,2,0,0,141
1974,"GenfCointrin",1498.03333333333,411,934.6,9.8,0,53,43,8,0,123
1974,"LocarnoMonti",2151.6,367,1590.6,11.6,0,1,59,7,3,112
1974,"Lugano",2004.4,273,1308,11.9,0,5,57,6,6,107
1974,"Luzern",1393.4,454,1153.4,9.1,1,67,29,4,0,151
1974,"Neuenburg",1539.6,485,893.6,9.8,1,26,26,4,0,119
1974,"Säntis",1528.7,2501,2873.2,-2.6,218,289,0,0,0,198
1974,"Samedan",NA,1709,610.2,1.4,47,274,3,0,0,95
1974,"Sitten",NA,482,717.2,9.3,2,71,52,9,0,97
1974,"St.Gallen",1384.1,776,1512.4,7.8,11,99,10,0,0,157
1974,"ZürichFluntern",1508.33333333333,556,1089.3,8.9,2,54,23,3,0,150
1975,"BaselBinningen",1428.71666666667,316,802.2,9.7,9,73,38,8,0,117
1975,"BernZollikofen",1526.9,553,936.3,8,18,117,33,2,0,116
1975,"Davos",1791.6,1594,898.4,3.1,58,215,0,0,0,106
1975,"GenfCointrin",1477.88333333333,411,1026,9.7,8,73,50,6,0,114
1975,"LocarnoMonti",2202.7,367,2053.6,11.5,0,16,53,0,3,125
1975,"Lugano",2045.8,273,1535.8,11.8,0,17,50,0,4,118
1975,"Luzern",1330.9,454,1183.3,8.8,9,90,36,4,1,122
1975,"Neuenburg",1502.6,485,888.5,9.6,10,60,35,8,0,112
1975,"Säntis",1967.1,2501,2247.8,-1.4,172,260,0,0,0,145
1975,"Samedan",NA,1709,668.6,1.1,58,258,0,0,0,80
1975,"Sitten",NA,482,431.9,9.3,6,96,55,13,0,74
1975,"St.Gallen",1404.8,776,1528.1,7.6,27,106,13,1,0,127
1975,"ZürichFluntern",1477.8,556,1151.2,8.6,15,83,32,1,0,120
1976,"BaselBinningen",1732.38333333333,316,519.4,10,17,77,56,20,0,94
1976,"BernZollikofen",1884.9,553,725.3,8.2,32,125,42,4,0,97
1976,"Davos",1769.2,1594,1027.2,2.7,60,219,0,0,0,119
1976,"GenfCointrin",1884.4,411,921.9,9.8,12,92,64,20,0,91
1976,"LocarnoMonti",2381.7,367,2001.6,11.8,1,31,67,13,2,92
1976,"Lugano",2149.6,273,1700.3,11.9,0,26,53,4,4,103
1976,"Luzern",1575.7,454,971.1,9,26,95,45,9,0,108
1976,"Neuenburg",1808.9,485,682.5,9.8,24,63,52,14,0,104
1976,"Säntis",1817.6,2501,2322.8,-2,182,263,0,0,0,152
1976,"Samedan",NA,1709,742,1.2,58,254,0,0,0,92
1976,"Sitten",NA,482,487.8,9.4,15,103,69,18,0,71
1976,"St.Gallen",1600,776,1190.7,7.5,38,109,22,0,0,130
1976,"ZürichFluntern",1720.8,556,910,8.6,33,83,38,7,0,114
1977,"BaselBinningen",1293.75,316,893.6,9.9,4,51,23,1,0,139
1977,"BernZollikofen",1397.2,553,1284.7,8.2,14,101,13,0,0,152
1977,"Davos",1470.5,1594,1040.2,3.2,53,205,0,0,0,137
1977,"GenfCointrin",1417.91666666667,411,1287.8,9.9,5,48,31,0,0,150
1977,"LocarnoMonti",2071.6,367,2747,11,0,25,32,0,0,117
1977,"Lugano",1842.3,273,2195.7,11.3,0,24,21,0,0,131
1977,"Luzern",1196.7,454,1187.5,9,10,81,21,0,0,152
1977,"Neuenburg",1484,485,1244.8,9.6,11,42,12,0,0,155
1977,"Säntis",1475,2501,2468.7,-1.7,166,255,0,0,0,173
1977,"Samedan",NA,1709,794.4,1.4,70,250,0,0,0,116
1977,"Sitten",NA,482,686.8,9.4,5,75,38,1,0,103
1977,"St.Gallen",1232.8,776,1572.9,7.9,26,93,5,1,0,151
1977,"ZürichFluntern",1316.7,556,1097.5,8.9,13,67,15,0,0,151
1978,"BaselBinningen",1437.25,316,738.7,9,18,66,29,2,0,122
1978,"BernZollikofen",1483.26666666667,553,1058.2,7.3,26,115,15,0,0,131
1978,"Davos",1584.3,1594,1032,2.6,60,228,0,0,0,137
1978,"GenfCointrin",1480.5,411,980.3,9,5,71,35,2,0,128
1978,"LocarnoMonti",2083.2,367,1829.8,10.9,1,31,40,0,1,101
1978,"Lugano",2004.4,273,1575.6,11.1,0,30,41,0,5,101
1978,"Luzern",1045.6,454,1202.6,8,25,83,25,0,0,139
1978,"Neuenburg",1390.6,485,949.7,8.8,19,53,15,0,0,133
1978,"Säntis",1548.1,2501,2269.1,-2.1,189,276,0,0,0,165
1978,"Samedan",NA,1709,601.7,1,72,283,0,0,0,95
1978,"Sitten",1899.1,482,613,8.2,6,97,36,1,0,80
1978,"St.Gallen",1303.1,776,1453.2,6.8,42,105,4,0,0,146
1978,"ZürichFluntern",1313,556,1204.6,7.9,28,87,18,0,0,130
1979,"BaselBinningen",1355.56666666667,316,846.9,9.5,13,59,34,1,0,141
1979,"BernZollikofen",1550.55,553,1241.6,7.9,17,107,25,1,0,143
1979,"Davos",1542.7,1594,1320,2.6,70,214,0,0,0,144
1979,"GenfCointrin",1624.8,411,1048.2,9.7,8,73,56,9,1,137
1979,"LocarnoMonti",1916,367,2007.9,11.3,3,37,53,0,0,109
1979,"Lugano",1795.8,273,2079.2,11.4,3,28,43,0,0,108
1979,"Luzern",1185.1,454,1388.5,8.7,14,78,30,1,0,156
1979,"Neuenburg",1455.8,485,1041.1,9.5,13,53,37,2,0,132
1979,"Säntis",1478.7,2501,2607.9,-2.2,187,251,0,0,0,184
1979,"Samedan",NA,1709,896,1,69,274,0,0,0,103
1979,"Sitten",2004,482,697,9,8,88,50,4,0,90
1979,"St.Gallen",1326.7,776,1574.3,7.5,30,112,8,0,0,162
1979,"ZürichFluntern",1348.4,556,1184.2,8.5,17,80,26,1,0,145
1980,"BaselBinningen",1346.31666666667,316,706.6,8.9,16,69,31,3,0,125
1980,"BernZollikofen",1468.26666666667,553,1147.9,7.3,32,120,22,1,0,137
1980,"Davos",1480.4,1594,1022.8,2.1,77,227,3,0,0,127
1980,"GenfCointrin",1497.18333333333,411,1038.8,8.9,16,93,36,4,0,125
1980,"LocarnoMonti",1976.5,367,1473.5,11.1,0,27,42,3,4,81
1980,"Lugano",1860.3,273,1505,11.1,0,28,38,1,5,93
1980,"Luzern",1149.2,454,1084.4,8.3,25,88,23,2,0,144
1980,"Neuenburg",1423.1,485,967.9,8.8,21,64,18,0,0,128
1980,"Säntis",1548.8,2501,2805.8,-2.8,191,282,0,0,0,194
1980,"Samedan",1693.6,1709,638.2,0.5,84,252,1,0,0,70
1980,"Sitten",1845.8,482,647.6,8.2,18,106,39,1,0,86
1980,"St.Gallen",1214.6,776,1385.6,6.8,35,112,8,0,0,160
1980,"ZürichFluntern",1281.5,556,1027.3,7.9,29,85,19,1,0,138
1981,"BaselBinningen",1346.38333333333,316,972.4,9.6,12,77,33,2,0,141
1981,"BernZollikofen",1477,553,1173.1,8,26,111,30,2,0,136
1981,"Davos",1395.9,1594,1227.4,2.6,86,183,2,0,0,147
1981,"GenfCointrin",1473.7,411,1153.6,9.6,14,89,44,5,0,122
1981,"LocarnoMonti",2021.41666666667,367,2203.1,11.6,1,54,55,2,4,98
1981,"Lugano",1902.63333333333,273,1637.1,11.6,0,53,46,0,4,94
1981,"Luzern",1200.78333333333,454,1350.7,8.8,23,92,29,0,0,153
1981,"Neuenburg",1448.75,485,1072.4,9.5,18,80,32,2,0,137
1981,"Säntis",1487.66666666667,2501,3704.2,-2.5,166,256,0,0,0,196
1981,"Samedan",1723.35,1709,863.3,1.3,86,230,1,0,0,93
1981,"Sitten",1823.23333333333,482,704.1,9.2,9,94,55,11,0,101
1981,"St.Gallen",1309.33333333333,776,1567.2,7.5,44,111,8,0,0,170
1981,"ZürichFluntern",1355.83333333333,556,1289.6,8.6,26,91,27,0,0,148
1982,"BaselBinningen",1517.65,316,958.7,10.3,11,46,53,7,0,130
1982,"BernZollikofen",1564.51666666667,553,1177.4,8.7,10,110,31,0,0,127
1982,"Davos",1603.15,1594,1014.8,3.3,53,208,1,0,0,109
1982,"GenfCointrin",1648.16666666667,411,1050.1,10.4,0,55,62,8,1,112
1982,"LocarnoMonti",2075.56666666667,367,1874.8,11.8,0,28,65,3,4,102
1982,"Lugano",1935.28333333333,273,1683.2,12.1,1,30,63,1,6,97
1982,"Luzern",1333.5,454,1212.9,9.3,13,77,41,3,0,137
1982,"Neuenburg",1516.6,485,1080.4,10.1,13,45,36,2,2,128
1982,"Säntis",1749.81666666667,2501,2293.8,-1.2,165,241,0,0,0,163
1982,"Samedan",1818.16666666667,1709,809.1,1.9,63,228,1,0,0,99
1982,"Sitten",2060.26666666667,482,595.6,9.8,3,94,64,8,0,93
1982,"St.Gallen",1469.16666666667,776,1379,8.1,22,94,16,0,0,140
1982,"ZürichFluntern",1454.73333333333,556,1171.9,9.2,16,64,34,1,0,139
1983,"BaselBinningen",1540.46666666667,316,728,10.3,10,69,62,15,2,121
1983,"BernZollikofen",1575.71666666667,553,931.3,8.5,18,113,45,12,0,114
1983,"Davos",1613.38333333333,1594,1086.1,3.4,54,209,8,0,0,127
1983,"GenfCointrin",1540.23333333333,411,1193.8,10.3,8,87,68,21,0,114
1983,"LocarnoMonti",2061.75,367,1938.2,11.8,1,37,68,16,16,94
1983,"Lugano",1936.05,273,1453.2,11.9,0,36,59,14,13,95
1983,"Luzern",1296.56666666667,454,943.1,9.5,21,84,49,15,0,123
1983,"Neuenburg",1548,485,1041.6,10,14,67,56,15,4,119
1983,"Säntis",1799.53333333333,2501,2708.8,-0.8,152,248,0,0,0,153
1983,"Samedan",1805.96666666667,1709,826.2,1.7,65,246,10,0,0,92
1983,"Sitten",1925.21666666667,482,580.4,9.5,6,109,66,18,0,70
1983,"St.Gallen",1454.83333333333,776,1285.4,8.2,37,97,24,4,2,140
1983,"ZürichFluntern",1525.3,556,875.9,9.3,28,81,44,12,1,122
1984,"BaselBinningen",1518.43333333333,316,721.4,9.5,3,66,34,7,0,116
1984,"BernZollikofen",1587.4,553,984.8,7.8,16,122,26,3,0,121
1984,"Davos",1622.1,1594,915.3,2.3,76,206,4,0,0,121
1984,"GenfCointrin",1601.78333333333,411,965.9,9.5,5,78,48,13,0,118
1984,"LocarnoMonti",2018.11666666667,367,2131.9,11.1,0,33,59,11,1,100
1984,"Lugano",1908.6,273,1831.9,11.3,0,30,61,15,2,100
1984,"Luzern",1290.56666666667,454,1002.5,8.5,10,93,29,5,0,122
1984,"Neuenburg",1581.28333333333,485,907.5,9.2,6,63,37,4,0,122
1984,"Säntis",1767.65,2501,2762.6,-2.6,179,264,0,0,0,162
1984,"Samedan",1735.9,1709,617.8,0.7,80,274,2,0,0,75
1984,"Sitten",2018.76666666667,482,493.9,8.9,4,97,57,10,0,83
1984,"St.Gallen",1363.83333333333,776,1550.1,7,35,115,6,1,1,146
1984,"ZürichFluntern",1448.08333333333,556,993.9,8.3,17,88,27,6,0,116
1985,"BaselBinningen",1623.23333333333,316,618.8,9,36,83,54,5,0,95
1985,"BernZollikofen",1739.3,553,987.7,7.6,42,129,48,4,0,113
1985,"Davos",1878.85,1594,913.9,2.6,69,206,2,0,0,112
1985,"GenfCointrin",1814.4,411,990.4,9.2,28,111,66,9,0,91
1985,"LocarnoMonti",2131.5,367,1729.1,11.4,6,42,61,1,3,103
1985,"Lugano",2089.88333333333,273,1380.4,11.5,6,35,62,2,5,103
1985,"Luzern",1459.35,454,1053.8,8.3,40,109,41,4,0,126
1985,"Neuenburg",1716.25,485,841.2,9.2,30,75,55,5,0,100
1985,"Säntis",1875.83333333333,2501,2305,-2.1,175,256,0,0,0,147
1985,"Samedan",1916.71666666667,1709,696.8,1.1,72,265,0,0,0,80
1985,"Sitten",2149.48333333333,482,649,8.7,21,112,70,10,0,72
1985,"St.Gallen",1519.68333333333,776,1310.2,7,53,109,11,0,0,139
1985,"ZürichFluntern",1642.85,556,959.6,8.2,40,93,36,4,0,119
1986,"BaselBinningen",1457.56666666667,316,878.9,9.4,24,77,51,9,0,123
1986,"BernZollikofen",1609.36666666667,553,1131.4,8,31,113,42,5,0,124
1986,"Davos",1824.95,1594,993.4,3.1,69,194,1,0,0,121
1986,"GenfCointrin",1557.88333333333,411,1038.8,9.8,14,86,63,21,1,123
1986,"LocarnoMonti",1998.73333333333,367,1763.3,11.8,2,35,71,8,10,102
1986,"Lugano",1895.68333333333,273,1599.9,11.8,1,23,53,1,12,95
1986,"Luzern",1427.38333333333,454,1154.4,8.7,28,100,47,7,0,130
1986,"Neuenburg",1451.08333333333,485,922.2,9.4,24,68,47,7,0,125
1986,"Säntis",1854.11666666667,2501,3145.1,-1.8,170,242,0,0,0,155
1986,"Samedan",1837.86666666667,1709,685.4,1.4,74,245,0,0,0,92
1986,"Sitten",2013.63333333333,482,631.8,9.4,10,110,60,15,0,86
1986,"St.Gallen",1518.76666666667,776,1553.7,7.3,45,106,13,0,0,140
1986,"ZürichFluntern",1547.73333333333,556,1204.3,8.4,35,89,42,1,0,140
1987,"BaselBinningen",1345.3,316,907.7,9.5,28,70,39,5,0,127
1987,"BernZollikofen",1372.46666666667,553,1235.1,7.9,37,106,44,8,0,136
1987,"Davos",1604.11666666667,1594,1171.8,3,65,202,0,0,0,134
1987,"GenfCointrin",1412.7,411,1065.6,9.9,22,73,58,13,0,123
1987,"LocarnoMonti",1999.4,367,2277.5,11.5,2,40,61,1,6,101
1987,"Lugano",1923.03333333333,273,1661.4,11.6,2,36,60,1,8,99
1987,"Luzern",1100.48333333333,454,1174.5,8.7,33,87,37,1,0,151
1987,"Neuenburg",1356.86666666667,485,1092.3,9.4,27,70,35,0,0,131
1987,"Säntis",1632.11666666667,2501,2825,-1.8,168,257,0,0,0,171
1987,"Samedan",1650.78333333333,1709,731,1.6,77,236,2,0,0,84
1987,"Sitten",1844.61666666667,482,617.2,9.3,13,103,57,11,0,84
1987,"St.Gallen",1235.35,776,1564.3,7.3,49,101,16,0,0,151
1987,"ZürichFluntern",1328.08333333333,556,1215.2,8.3,37,84,36,2,0,141
1988,"BaselBinningen",1463.7,316,832.2,10.5,2,48,37,3,0,133
1988,"BernZollikofen",1515.5,553,1135.7,8.8,8,98,27,3,0,142
1988,"Davos",1559.66666666667,1594,1102.2,3.5,59,186,1,0,0,143
1988,"GenfCointrin",1628.23333333333,411,1062.8,10.5,1,62,50,16,0,127
1988,"LocarnoMonti",2024.76666666667,367,2127.1,12.1,0,12,55,2,5,109
1988,"Lugano",1927.18333333333,273,1558.5,12.3,0,14,54,5,3,100
1988,"Luzern",1298.66666666667,454,1182.4,9.9,4,71,33,1,0,138
1988,"Neuenburg",1534.81666666667,485,1211.8,10.1,2,49,24,2,0,134
1988,"Säntis",1652.28333333333,2501,3275.8,-1.4,157,240,0,0,0,207
1988,"Samedan",1665.51666666667,1709,724.9,2.5,51,218,0,0,0,82
1988,"Sitten",1910.56666666667,482,639.9,10.1,2,82,67,18,0,88
1988,"St.Gallen",1417.36666666667,776,1584.8,8.4,14,86,15,0,0,166
1988,"ZürichFluntern",1458.55,556,1414.6,9.4,8,70,24,1,0,155
1989,"BaselBinningen",1769.93333333333,316,655.8,10.6,5,61,58,8,0,106
1989,"BernZollikofen",1877.7,553,761.5,8.8,20,92,38,2,0,105
1989,"Davos",1822.15,1594,723.2,4.2,20,191,0,0,0,115
1989,"GenfCointrin",1856.65,411,643.8,10.7,1,78,72,11,0,73
1989,"LocarnoMonti",2312.25,367,1478.1,12.4,0,24,69,3,5,85
1989,"Lugano",2197.5,273,1468.4,12.3,0,28,58,1,6,88
1989,"Luzern",1524.13333333333,454,986.8,9.8,16,71,38,1,0,124
1989,"Neuenburg",1706.05,485,658.9,10.3,18,58,49,4,0,99
1989,"Säntis",2001.73333333333,2501,2335.8,-0.2,118,240,0,0,0,162
1989,"Samedan",1807.46666666667,1709,610.4,2.2,29,242,0,0,0,83
1989,"Sitten",2203.1,482,435.2,9.9,2,86,86,11,0,66
1989,"St.Gallen",1726.93333333333,776,1294.3,8.5,26,83,8,0,0,137
1989,"ZürichFluntern",1710.58333333333,556,950.1,9.4,19,62,26,1,0,126
1990,"BaselBinningen",1769.26666666667,316,814.5,10.9,4,51,49,13,0,120
1990,"BernZollikofen",1841.66666666667,553,1270.8,9.1,19,86,41,6,0,123
1990,"Davos",1758.71666666667,1594,1022.3,3.8,46,194,1,0,0,130
1990,"GenfCointrin",1911.13333333333,411,1020.7,10.8,9,69,57,17,0,103
1990,"LocarnoMonti",2220.01666666667,367,1474.3,12.7,0,27,74,10,6,91
1990,"Lugano",2130.8,273,1342.4,12.6,0,33,67,7,5,95
1990,"Luzern",1584.71666666667,454,1164.9,10,16,78,42,7,0,138
1990,"Neuenburg",1758.8,485,1046.3,10.5,14,52,45,9,0,122
1990,"Säntis",1782.1,2501,3029.9,-0.9,143,267,0,0,0,174
1990,"Samedan",1877.58333333333,1709,688,2,61,250,1,0,0,86
1990,"Sitten",2154.65,482,892,10.2,5,79,61,19,0,92
1990,"St.Gallen",1723.05,776,1415.1,8.8,18,83,18,0,0,142
1990,"ZürichFluntern",1730.58333333333,556,1188.2,9.7,17,61,37,7,0,130
1991,"BaselBinningen",1712.26666666667,316,758.7,10,21,76,62,10,0,96
1991,"BernZollikofen",1763.91666666667,553,867.9,8.2,36,113,58,5,0,103
1991,"Davos",1802.66666666667,1594,843.4,3.2,62,216,1,0,0,100
1991,"GenfCointrin",1810.55,411,870.4,10.2,16,81,75,14,0,87
1991,"LocarnoMonti",2265.6,367,1861.2,12.3,2,39,86,26,20,87
1991,"Lugano",2076.6,273,1287.5,12.3,2,48,77,12,25,83
1991,"Luzern",1357.18333333333,454,957.4,9.1,27,96,58,4,0,120
1991,"Neuenburg",1729.13333333333,485,810.3,9.7,28,70,56,4,0,107
1991,"Säntis",1729.68333333333,2501,2557.6,-1.4,169,253,0,0,0,151
1991,"Samedan",1838.6,1709,642.8,1.2,70,237,4,0,0,65
1991,"Sitten",2226.35,482,533.6,9.7,14,106,83,15,0,72
1991,"St.Gallen",1562.16666666667,776,1265.2,7.5,49,108,14,0,0,122
1991,"ZürichFluntern",1615.53333333333,556,924.1,8.9,34,89,53,6,0,110
1992,"BaselBinningen",1477.1,316,824.3,10.7,11,50,54,16,1,120
1992,"BernZollikofen",1543.8,553,1042.3,8.8,23,96,39,13,0,124
1992,"Davos",1702.48333333333,1594,975.7,3.8,46,201,7,0,0,122
1992,"GenfCointrin",1612.05,411,1087.6,10.6,10,69,57,21,0,107
1992,"LocarnoMonti",1928.6,367,1779.4,12.5,0,19,58,13,21,100
1992,"Lugano",1829.73333333333,273,1600.5,12.4,0,27,56,10,18,104
1992,"Luzern",1275.03333333333,454,1178.2,9.8,17,80,49,10,0,130
1992,"Neuenburg",1536.18333333333,485,987.9,10.4,15,53,42,13,0,119
1992,"Säntis",1777.03333333333,2501,2832.9,-0.4,152,239,0,0,0,155
1992,"Samedan",1677.55,1709,731.7,1.6,62,232,2,0,0,94
1992,"Sitten",1920.56666666667,482,720.3,10.2,5,87,74,22,0,93
1992,"St.Gallen",1522.23333333333,776,1385.3,8.6,31,89,27,0,2,130
1992,"ZürichFluntern",1490.18333333333,556,1078.5,9.5,21,69,41,14,1,132
1993,"BaselBinningen",1479.76666666667,316,779.8,10.2,17,65,46,6,0,128
1993,"BernZollikofen",1540.55,553,1040.8,8.6,24,103,33,4,0,142
1993,"Davos",1617.63333333333,1594,1002.9,3.4,54,196,2,0,0,129
1993,"GenfCointrin",1617.53333333333,411,1155.8,10.1,7,90,53,15,0,111
1993,"LocarnoMonti",2035.63333333333,367,2314,12.3,0,18,60,3,2,118
1993,"Lugano",1916.25,273,1590.2,12.1,0,22,59,3,3,100
1993,"Luzern",1316.98333333333,454,1243.1,9.5,16,83,37,2,0,133
1993,"Neuenburg",1497.48333333333,485,995.3,10,15,66,37,3,0,123
1993,"Säntis",1712.38333333333,2501,2884.8,-1.3,145,264,0,0,0,171
1993,"Samedan",1657.65,1709,769.1,1.8,54,229,0,0,0,85
1993,"Sitten",1990.41666666667,482,619,10.3,7,107,64,12,0,80
1993,"St.Gallen",1456.35,776,1485.6,8,42,86,17,0,0,152
1993,"ZürichFluntern",1502.58333333333,556,1173.6,9.1,27,77,33,2,0,130
1994,"BaselBinningen",1376.86666666667,316,848.5,11.5,4,32,57,20,0,128
1994,"BernZollikofen",1461.18333333333,553,1087.3,10,10,64,52,11,0,139
1994,"Davos",1603.01666666667,1594,1077.8,4.6,43,185,4,0,0,125
1994,"GenfCointrin",1680.95,411,1001.4,11.6,0,47,66,29,0,123
1994,"LocarnoMonti",2113.03333333333,367,2022.1,13,1,17,75,22,7,103
1994,"Lugano",1946.71666666667,273,1702.5,13.1,2,16,75,18,17,94
1994,"Luzern",1288.75,454,1191.7,10.9,7,45,52,13,0,132
1994,"Neuenburg",1496.7,485,974.7,11.4,5,28,51,11,3,124
1994,"Säntis",1526.1,2501,3208.2,-0.4,150,236,0,0,0,189
1994,"Samedan",1647.38333333333,1709,703.3,3.1,41,220,6,0,0,92
1994,"Sitten",1971.78333333333,482,671,11.1,3,61,75,23,0,93
1994,"St.Gallen",1369.31666666667,776,1462.4,9.4,21,65,38,0,1,155
1994,"ZürichFluntern",1406.08333333333,556,1171.9,10.5,13,35,51,11,0,149
1995,"BaselBinningen",1502.68333333333,316,1014.3,10.5,10,65,52,10,1,132
1995,"BernZollikofen",1679.75,553,1222,8.8,24,104,38,7,0,138
1995,"Davos",1564.51666666667,1594,1102.5,3.2,57,195,3,0,0,136
1995,"GenfCointrin",1805.16666666667,411,1071.7,10.7,6,74,53,16,0,120
1995,"LocarnoMonti",2275.56666666667,367,1524.6,12.2,0,24,64,8,6,98
1995,"Lugano",2111.23333333333,273,1411.8,12.5,0,16,57,6,13,95
1995,"Luzern",1367.4,454,1342.6,9.7,20,93,43,7,1,146
1995,"Neuenburg",1651.58333333333,485,1029.1,10.3,14,66,42,8,1,132
1995,"Säntis",1530.36666666667,2501,3200.5,-1.6,171,249,0,0,0,188
1995,"Samedan",1618.21666666667,1709,548.1,1.9,63,236,2,0,0,93
1995,"Sitten",2060.83333333333,482,756.7,10.2,9,94,65,14,0,104
1995,"St.Gallen",1369.53333333333,776,1616.5,8.1,33,101,22,2,1,163
1995,"ZürichFluntern",1505.5,556,1323.3,9.2,27,80,37,5,0,150
1996,"BaselBinningen",1587.08333333333,316,833,9.4,16,82,42,4,0,111
1996,"BernZollikofen",1565.75,553,1051.7,7.9,32,112,28,1,0,125
1996,"Davos",1675.16666666667,1594,995.4,3.1,53,197,0,0,0,125
1996,"GenfCointrin",1703.35,411,946.9,9.8,11,79,44,2,0,95
1996,"LocarnoMonti",2004.6,367,1800.8,11.9,4,26,50,4,1,115
1996,"Lugano",1859.76666666667,273,1720.5,12.1,4,21,48,4,9,119
1996,"Luzern",1302.9,454,1138.2,8.7,20,100,35,1,0,131
1996,"Neuenburg",1624.08333333333,485,877.9,9.4,17,79,32,0,0,110
1996,"Säntis",1642.58333333333,2501,2213.9,-1.7,166,268,0,0,0,155
1996,"Samedan",1704.85,1709,795.3,1.4,75,230,0,0,0,96
1996,"Sitten",2057.01666666667,482,554.6,9.9,8,98,56,8,0,73
1996,"St.Gallen",1338.11666666667,776,1470.6,6.9,54,121,8,0,0,134
1996,"ZürichFluntern",1491.51666666667,556,1003.7,8.1,32,103,29,1,0,125
1997,"BaselBinningen",1774.41666666667,316,752.7,10.6,17,69,57,7,0,107
1997,"BernZollikofen",1831.1,553,941.4,9,18,114,37,0,0,112
1997,"Davos",1774.78333333333,1594,959.2,4.1,34,195,0,0,0,120
1997,"GenfCointrin",1917.66666666667,411,970,10.7,8,74,57,2,0,106
1997,"LocarnoMonti",2354.7,367,1696.1,12.9,0,5,78,3,2,87
1997,"Lugano",2273.81666666667,273,1227.1,13,0,6,79,3,2,85
1997,"Luzern",1561.91666666667,454,1122,9.8,15,80,44,1,0,115
1997,"Neuenburg",1792.31666666667,485,984.6,10.4,16,53,38,1,0,124
1997,"Säntis",1758.33333333333,2501,2658.7,-0.4,146,247,0,0,0,152
1997,"Samedan",1814.96666666667,1709,670.6,1.9,51,242,0,0,0,90
1997,"Sitten",2221.76666666667,482,551,10.6,0,81,62,6,0,75
1997,"St.Gallen",1537.05,776,1109.6,8.5,24,95,9,0,0,118
1997,"ZürichFluntern",1679.9,556,985.9,9.4,24,74,39,0,0,111
1998,"BaselBinningen",1713.78333333333,316,806.6,10.6,10,61,51,15,2,120
1998,"BernZollikofen",1713.36666666667,553,884.3,8.9,23,117,48,11,0,110
1998,"Davos",1708.11666666667,1594,933.7,3.5,58,196,6,0,0,121
1998,"GenfCointrin",1937.8,411,857.7,10.6,3,97,66,16,0,105
1998,"LocarnoMonti",2332.15,367,1843.7,12.5,0,30,75,10,15,91
1998,"Lugano",2247.63333333333,273,1507.9,12.4,0,28,70,6,14,89
1998,"Luzern",1490.31666666667,454,996,9.8,23,101,50,12,0,132
1998,"Neuenburg",1751.28333333333,485,907.4,10.4,14,65,46,13,4,120
1998,"Säntis",1685.91666666667,2501,3100.4,-1.2,169,256,0,0,0,173
1998,"Samedan",1793.75,1709,670.6,1.9,67,241,4,0,0,79
1998,"Sitten",2100.11666666667,482,486.3,10.2,2,107,71,21,0,77
1998,"St.Gallen",1433.26666666667,776,1501.7,8.6,36,79,23,3,2,150
1998,"ZürichFluntern",1608.81666666667,556,1043.8,9.5,26,73,40,13,0,126
1999,"BaselBinningen",1538.33333333333,316,1151,10.7,13,57,49,3,1,134
1999,"BernZollikofen",1553.78333333333,553,1317.7,8.9,23,100,41,2,0,147
1999,"Davos",1573.66666666667,1594,1369.7,3.5,62,182,1,0,0,140
1999,"GenfCointrin",1694.9,411,1230.6,10.5,6,74,56,5,0,129
1999,"LocarnoMonti",2120.25,367,2366.6,12.4,0,26,66,0,1,111
1999,"Lugano",1984.41666666667,273,1698.5,12.6,0,22,59,1,4,108
1999,"Luzern",1322.83333333333,454,1448.6,9.6,17,88,40,3,0,154
1999,"Neuenburg",1530.8,485,1183.4,10.3,12,64,36,2,0,135
1999,"Säntis",1607.15,2501,3540.7,-1.1,146,230,0,0,0,193
1999,"Samedan",1544.25,1709,830,1.9,70,219,0,0,0,108
1999,"Sitten",1889.3,482,786.7,10.1,12,98,67,9,0,108
1999,"St.Gallen",1315.1,776,1794.4,8.4,30,88,13,0,0,165
1999,"ZürichFluntern",1472.78333333333,556,1549,9.4,19,73,35,2,0,160
2000,"BaselBinningen",1720.83333333333,316,786.7,11.4,4,30,52,8,0,132
2000,"BernZollikofen",1765.56666666667,553,983.7,9.6,7,82,40,1,0,123
2000,"Davos",1626.68333333333,1594,1189.8,4.1,49,179,5,0,0,129
2000,"GenfCointrin",1937.13333333333,411,996,11.2,3,64,61,14,0,117
2000,"LocarnoMonti",2096.93333333333,367,2622.7,12.8,0,19,73,3,2,116
2000,"Lugano",2111.9,273,2149.3,13,0,18,67,2,5,115
2000,"Luzern",1524.11666666667,454,1152.2,10.4,6,60,46,2,0,134
2000,"Neuenburg",1768.71666666667,485,905.8,11,3,28,43,4,0,128
2000,"Säntis",1632.88333333333,2501,3058.8,-0.6,167,236,0,0,0,181
2000,"Samedan",1634.1,1709,973.1,2.4,53,226,0,0,0,103
2000,"Sitten",2018.53333333333,482,515.8,10.8,5,74,80,16,0,82
2000,"St.Gallen",1525.61666666667,776,1599.2,9.4,15,66,25,1,1,148
2000,"ZürichFluntern",1656.88333333333,556,1156.7,10.2,8,45,38,3,0,145
2001,"BaselBinningen",1597.76666666667,316,1011.7,10.6,8,59,50,9,0,145
2001,"BernZollikofen",1633.58333333333,553,1277.8,9.1,14,99,43,2,0,148
2001,"Davos",1640.23333333333,1594,1268.2,3.5,65,183,1,0,0,139
2001,"GenfCointrin",1746.06666666667,411,1217.3,10.9,7,63,63,13,0,129
2001,"LocarnoMonti",2267.26666666667,367,1753.9,12.5,1,34,70,6,9,108
2001,"Lugano",2345.35,273,1499.1,12.7,0,29,69,4,11,114
2001,"Luzern",1441.31666666667,454,1471.7,9.9,11,73,46,6,0,163
2001,"Neuenburg",1635.16666666667,485,1162.8,10.4,8,50,46,4,0,140
2001,"Säntis",1618.2,2501,3553.1,-1.1,164,249,0,0,0,189
2001,"Samedan",1686.38333333333,1709,792.6,2.2,59,242,1,0,0,92
2001,"Sitten",2016.43333333333,482,649.9,10.3,11,85,61,14,0,83
2001,"St.Gallen",1455.68333333333,776,1507.8,8.4,35,88,20,0,0,161
2001,"ZürichFluntern",1579.98333333333,556,1482.9,9.4,16,70,39,2,0,156
2002,"BaselBinningen",1503.26666666667,316,1048.3,11.2,10,40,45,8,0,129
2002,"BernZollikofen",1617.58333333333,553,1316.2,9.4,15,66,34,6,0,136
2002,"Davos",1622.23333333333,1594,1227.5,4.3,36,187,5,0,0,143
2002,"GenfCointrin",1752.73333333333,411,1166.4,11.2,7,45,50,17,1,124
2002,"LocarnoMonti",2111.25,367,2649.2,12.7,0,17,69,7,5,120
2002,"Lugano",2025.73333333333,273,2105.4,12.9,0,21,60,7,9,120
2002,"Luzern",1469.43333333333,454,1460.5,10.4,15,51,41,9,2,133
2002,"Neuenburg",1652.61666666667,485,1134,10.9,13,27,35,8,2,131
2002,"Säntis",1590.48333333333,2501,3234.8,-0.4,143,242,0,0,0,174
2002,"Samedan",1616.05,1709,973.2,2.9,35,230,5,0,0,104
2002,"Sitten",1973.1,482,689.7,10.9,4,56,63,13,1,95
2002,"St.Gallen",1420.66666666667,776,1878,9.1,19,63,17,1,1,140
2002,"ZürichFluntern",1620.48333333333,556,1275.8,10.2,15,41,36,7,1,139
2003,"BaselBinningen",2003.41666666667,316,614.6,11.4,16,83,98,41,5,96
2003,"BernZollikofen",2099.76666666667,553,737.8,9.5,24,116,83,29,0,94
2003,"Davos",2082.55,1594,848.7,4.3,54,192,16,0,0,105
2003,"GenfCointrin",2142.06666666667,411,736.9,11.4,12,88,95,50,4,87
2003,"LocarnoMonti",2459.21666666667,367,1107.4,13.4,0,40,109,56,40,78
2003,"Lugano",2406.9,273,1166.8,13.3,0,44,111,47,30,88
2003,"Luzern",1865.38333333333,454,957.4,10.4,22,92,88,26,0,114
2003,"Neuenburg",2083.01666666667,485,698.3,11.1,20,67,83,34,13,90
2003,"Säntis",2180.48333333333,2501,2219.5,-0.1,144,222,0,0,0,141
2003,"Samedan",2083.45,1709,527.1,2.4,57,227,18,0,0,73
2003,"Sitten",2419.5,482,426.6,11.3,6,92,97,49,0,64
2003,"St.Gallen",1889.65,776,1119.5,9.1,39,105,52,10,10,118
2003,"ZürichFluntern",2042.33333333333,556,859.2,10.1,28,91,85,27,2,117
2004,"BaselBinningen",1536.01666666667,316,791.9,10.6,5,77,57,13,1,119
2004,"BernZollikofen",1620.36666666667,553,1011.5,8.8,15,113,40,1,0,122
2004,"Davos",1645.53333333333,1594,881.1,3.5,66,187,0,0,0,117
2004,"GenfCointrin",1877.05,411,989.5,10.7,0,72,61,11,0,101
2004,"LocarnoMonti",2095.1,367,1893.8,12.5,0,30,71,11,6,93
2004,"Lugano",2034.56666666667,273,1372.9,12.6,0,20,76,6,9,96
2004,"Luzern",1456.6,454,1084.9,9.8,5,89,46,4,0,130
2004,"Neuenburg",1737.86666666667,485,1072.5,10.3,4,61,47,2,0,112
2004,"Säntis",1656.31666666667,2501,2432.1,-1.3,157,247,0,0,0,164
2004,"Samedan",1736.55,1709,593.2,2.2,67,227,0,0,0,93
2004,"Sitten",2147.4,482,477,10.4,3,104,74,14,0,72
2004,"St.Gallen",1510.76666666667,776,1437.7,8.2,36,111,18,0,0,145
2004,"ZürichFluntern",1648.71666666667,556,1071,9.5,15,87,41,0,0,134
2005,"BaselBinningen",1680.4,316,706,10.4,18,91,53,18,1,106
2005,"BernZollikofen",1883.23333333333,553,859.4,8.5,41,115,49,11,0,108
2005,"Davos",1765.7,1594,922.9,3,86,176,5,0,0,120
2005,"GenfCointrin",1966.95,411,746.3,10.3,10,92,59,16,1,86
2005,"LocarnoMonti",2325.03333333333,367,1057.7,12.4,1,65,78,14,12,76
2005,"Lugano",2239.55,273,952.2,12.6,1,54,75,11,17,82
2005,"Luzern",1570.08333333333,454,1140.4,9.5,27,99,44,13,0,118
2005,"Neuenburg",1845.45,485,728.8,10,20,89,53,13,1,101
2005,"Säntis",1790.98333333333,2501,2657.5,-1.8,155,231,0,0,0,NA
2005,"Samedan",1852.35,1709,506.6,1.5,87,226,4,0,0,76
2005,"Sitten",2217.08333333333,482,499.6,9.8,26,115,73,15,0,66
2005,"St.Gallen",1658.08333333333,776,1337.8,8.1,51,104,22,0,0,138
2005,"ZürichFluntern",1765.03333333333,556,1041.9,9.3,38,92,43,9,0,125
2006,"BaselBinningen",1678.06666666667,316,1028.5,10.9,15,85,64,22,3,124
2006,"BernZollikofen",1775.23333333333,553,1215.6,9.2,28,110,51,16,0,121
2006,"Davos",1876.96666666667,1594,788.5,4.2,62,175,12,0,0,122
2006,"GenfCointrin",1866.86666666667,411,968.6,11.2,11,84,68,24,0,101
2006,"LocarnoMonti",2237.35,367,1629,13,1,40,78,29,19,81
2006,"Lugano",2229.6,273,1298.3,13.1,1,34,69,22,20,80
2006,"Luzern",1558.21666666667,454,1202.4,10.1,25,93,57,18,0,130
2006,"Neuenburg",1714.1,485,1236.7,10.7,23,72,52,17,3,124
2006,"Säntis",1852.8,2501,2850.5,-0.3,147,226,0,0,0,178
2006,"Samedan",1921.01666666667,1709,518.2,2.5,66,218,6,0,0,83
2006,"Sitten",2167.15,482,604.4,10.6,5,97,80,25,0,73
2006,"St.Gallen",1704.13333333333,776,1400.2,8.8,49,98,31,2,2,147
2006,"ZürichFluntern",1694.85,556,1134.5,9.8,28,85,51,16,1,130
2007,"BaselBinningen",1755.33333333333,316,952,11.3,5,41,62,4,0,119
2007,"BernZollikofen",1940.7,553,1290.6,9.5,20,94,36,2,0,130
2007,"Davos",1803.41666666667,1594,1005,4.1,47,191,5,0,0,118
2007,"GenfCointrin",1943.01666666667,411,1121.1,11.2,10,67,56,6,0,111
2007,"LocarnoMonti",2420.96666666667,367,1503.8,13.5,0,12,82,12,4,81
2007,"Lugano",2317.08333333333,273,1143.2,13.5,0,16,68,10,8,73
2007,"Luzern",1616.1,454,1261.7,10.4,18,63,49,4,0,122
2007,"Neuenburg",1843.13333333333,485,1301.8,10.8,18,41,31,1,1,121
2007,"Säntis",2023.41666666667,2501,3095.8,-0.5,139,237,0,0,0,176
2007,"Samedan",1916.15,1709,661.8,2.8,45,244,0,0,0,91
2007,"Sitten",2256.6,482,757.4,10.8,2,84,63,7,0,80
2007,"St.Gallen",1583.4,776,1241,9.1,21,72,15,0,1,143
2007,"ZürichFluntern",1785.65,556,1152.9,10.1,18,56,37,2,0,137
2008,"BaselBinningen",1582.48333333333,316,869.6,10.8,4,65,46,6,0,112
2008,"BernZollikofen",1797.75,553,945,9,10,105,38,2,0,120
2008,"Davos",1717.98333333333,1594,1163.7,3.8,46,199,1,0,0,125
2008,"GenfCointrin",1836.25,411,1134.9,10.8,2,80,51,11,0,122
2008,"LocarnoMonti",2135.8,367,2347.1,12.5,1,26,66,5,7,122
2008,"Lugano",1988.63333333333,273,2188.6,12.7,0,15,64,3,8,123
2008,"Luzern",1509.75,454,1179.1,9.9,7,88,42,3,0,131
2008,"Neuenburg",1600.71666666667,485,967.6,10.3,6,63,41,3,1,119
2008,"Säntis",1786.08333333333,2501,2560.1,-0.9,169,245,0,0,0,165
2008,"Samedan",1723,1709,942,2.4,65,229,0,0,0,98
2008,"Sitten",2163.98333333333,482,561.3,10.8,4,92,69,16,0,82
2008,"St.Gallen",1596.46666666667,776,1377.9,8.6,20,89,15,0,0,142
2008,"ZürichFluntern",1679.01666666667,556,1212.7,9.6,11,78,36,3,0,132
2009,"BaselBinningen",1656.8,316,765,11.1,17,62,56,12,0,124
2009,"BernZollikofen",1889.48333333333,553,959.2,9.4,27,100,49,8,0,114
2009,"Davos",1716.35,1594,928.6,3.8,78,190,2,0,0,124
2009,"GenfCointrin",1958.38333333333,411,886.4,11.2,17,81,66,19,1,100
2009,"LocarnoMonti",2335.56666666667,367,2106,13,0,30,92,9,7,91
2009,"Lugano",2249.86666666667,273,1679.7,13.2,0,25,85,10,13,96
2009,"Luzern",1545.08333333333,454,1067.6,10.2,25,84,51,5,0,122
2009,"Neuenburg",1821.83333333333,485,780,10.8,21,60,53,9,1,114
2009,"Säntis",1650.33333333333,2501,2467.2,-1,152,243,0,0,0,173
2009,"Samedan",1761.63333333333,1709,658,2.2,83,230,0,0,0,90
2009,"Sitten",2200.95,482,516,10.7,11,100,82,29,0,81
2009,"St.Gallen",1635.51666666667,776,1245.9,8.9,34,91,18,0,2,136
2009,"ZürichFluntern",1725.55,556,1098.3,9.9,28,76,46,6,0,132
2010,"BaselBinningen",1479.56666666667,316,835.2,9.9,30,79,46,16,0,124
2010,"BernZollikofen",1658.58333333333,553,915.1,8.6,38,108,40,10,0,125
2010,"Davos",1617.08333333333,1594,1003.4,2.7,85,187,8,0,0,123
2010,"GenfCointrin",1776.95,411,812,10.1,23,97,57,15,0,104
2010,"LocarnoMonti",2073.26666666667,367,2019.8,11.9,2,55,72,17,14,117
2010,"Lugano",1948.95,273,1854.2,12.1,1,41,65,11,20,116
2010,"Luzern",1349.35,454,1360.6,9.2,37,94,44,9,0,130
2010,"Neuenburg",1678.46666666667,485,712.7,9.8,32,78,42,12,2,116
2010,"Säntis",1629.71666666667,2501,2386.1,-2.1,177,250,0,0,0,173
2010,"Samedan",1604.66666666667,1709,631.3,1.5,88,213,7,0,0,93
2010,"Sitten",2056.51666666667,482,480,10.1,17,107,62,22,0,77
2010,"St.Gallen",1443.36666666667,776,1512.5,7.6,53,99,20,2,1,148
2010,"ZürichFluntern",1520.75,556,1001.5,8.8,41,88,41,9,0,144
2011,"BaselBinningen",1983.13333333333,316,687.9,11.6,6,48,69,12,2,97
2011,"BernZollikofen",2181.33333333333,553,789.4,10.1,11,96,45,8,0,102
2011,"Davos",1997.05,1594,1070.3,4.7,34,179,6,0,0,105
2011,"GenfCointrin",2150.11666666667,411,619,11.4,4,68,62,12,0,89
2011,"LocarnoMonti",2430.66666666667,367,1578.3,13.4,0,14,93,11,8,82
2011,"Lugano",2336.06666666667,273,1179.3,13.5,0,12,98,12,11,78
2011,"Luzern",1809.96666666667,454,1120.8,10.7,10,72,47,9,0,109
2011,"Neuenburg",2076.93333333333,485,710.3,11.3,6,44,49,8,0,94
2011,"Säntis",2129.78333333333,2501,2518.1,0.3,118,221,0,0,0,140
2011,"Samedan",1987.93333333333,1709,574.4,2.9,36,234,3,0,0,83
2011,"Sitten",2426.53333333333,482,484.5,11.3,3,104,101,24,0,79
2011,"St.Gallen",1890.45,776,1241.6,9.4,21,70,15,1,2,115
2011,"ZürichFluntern",2004.21666666667,556,913.5,10.5,12,55,39,8,0,110
2012,"BaselBinningen",1721.3,316,1047.9,10.9,15,49,58,12,2,136
2012,"BernZollikofen",1914.45,553,1127.7,9.2,20,94,43,9,0,145
2012,"Davos",1771.16666666667,1594,1232.3,3.9,64,180,9,0,0,137
2012,"GenfCointrin",1938.28333333333,411,970.3,10.9,15,75,67,14,0,116
2012,"LocarnoMonti",2251.08333333333,367,1862.9,13.1,8,33,96,21,13,112
2012,"Lugano",2179.83333333333,273,1411.7,13.2,4,31,95,13,18,99
2012,"Luzern",1632,454,1305.9,10.1,19,74,55,10,0,151
2012,"Neuenburg",1888.41666666667,485,1124.4,10.6,15,48,50,8,2,139
2012,"Säntis",1837.08333333333,2501,2967,-0.7,145,229,0,0,0,180
2012,"Samedan",1863.23333333333,1709,699.4,2.4,59,225,4,0,0,104
2012,"Sitten",2211.9,482,614.7,11,18,86,88,22,0,97
2012,"St.Gallen",1690.28333333333,776,1549.1,8.6,32,84,20,0,0,158
2012,"ZürichFluntern",1805.26666666667,556,1291.7,9.7,24,67,42,6,0,140
2013,"BaselBinningen",1520.8,316,907.7,10.3,15,80,53,13,1,135
2013,"BernZollikofen",1709.06666666667,553,1113,8.7,24,114,46,11,0,125
2013,"Davos",1624.76666666667,1594,923.8,3.6,60,182,9,0,0,132
2013,"GenfCointrin",1722.61666666667,411,1047.3,10.2,8,86,58,15,0,121
2013,"LocarnoMonti",2137.25,367,1947.3,12.7,1,27,87,19,11,117
2013,"Lugano",1997.9,273,1713.3,12.8,0,18,82,16,16,120
2013,"Luzern",1401.23333333333,454,1212.4,9.5,19,94,48,13,0,138
2013,"Neuenburg",1631.53333333333,485,1037.3,10,16,72,50,13,3,138
2013,"Säntis",1702.3,2501,2822.6,-1.1,156,231,0,0,0,168
2013,"Samedan",1717.71666666667,1709,640.2,2.1,67,223,5,0,0,90
2013,"Sitten",2066.81666666667,482,567.7,10.4,3,103,78,32,1,85
2013,"St.Gallen",1462.11666666667,776,1467.6,7.9,37,115,21,4,3,153
2013,"ZürichFluntern",1540.3,556,1093.8,9.1,27,102,46,11,2,131
2014,"BaselBinningen",1698.93333333333,316,868.5,11.9,2,24,41,8,0,121
2014,"BernZollikofen",1822.71666666667,553,1033.8,10,2,74,24,5,0,132
2014,"Davos",1536.76666666667,1594,1021.6,4.8,33,171,4,0,0,142
2014,"GenfCointrin",1860.21666666667,411,1004.6,11.7,1,34,41,6,0,114
2014,"LocarnoMonti",2004.75,367,2781.4,13.3,0,9,55,7,2,142
2014,"Lugano",1874.91666666667,273,2429.6,13.5,0,6,47,6,2,131
2014,"Luzern",1563.1,454,1418.2,10.9,2,46,29,7,0,142
2014,"Neuenburg",1798.65,485,921.3,11.3,1,16,28,5,0,127
2014,"Säntis",1589.26666666667,2501,2377.9,-0.1,118,236,0,0,0,181
2014,"Samedan",1551.78333333333,1709,957,3.2,37,212,0,0,0,123
2014,"Sitten",2021.55,482,529.7,11.8,2,54,62,14,0,83
2014,"St.Gallen",1609.35,776,1344.6,9.6,6,48,13,0,0,138
2014,"ZürichFluntern",1713.93333333333,556,1076.4,10.6,4,28,26,5,0,124
2015,"BaselBinningen",1944.81666666667,316,645.3,11.7,1,52,61,28,8,94
2015,"BernZollikofen",2076.96666666667,553,767.8,9.9,9,99,55,26,0,98
2015,"Davos",1892.01666666667,1594,866,4.8,41,178,19,0,0,112
2015,"GenfCointrin",1995.4,411,685.5,11.6,4,63,69,35,4,89
2015,"LocarnoMonti",2381.73333333333,367,1344.5,13.8,0,9,81,38,28,90
2015,"Lugano",2301.5,273,1232.4,13.8,0,6,75,27,28,83
2015,"Luzern",1732.48333333333,454,1123.4,10.8,7,74,58,26,4,117
2015,"Neuenburg",1982.33333333333,485,766.5,11.5,5,39,58,28,14,99
2015,"Säntis",1990.78333333333,2501,2365.4,0.2,123,231,0,0,0,144
2015,"Samedan",1956.53333333333,1709,625.7,3.4,41,226,16,0,0,78
2015,"Sitten",2249.25,482,500.1,11.5,1,93,83,45,4,69
2015,"St.Gallen",1813.86666666667,776,1335.8,9.6,21,80,39,5,9,129
2015,"ZürichFluntern",1945.9,556,918,10.6,9,76,54,26,8,109
2016,"BaselBinningen",1639.93333333333,316,996.8,10.9,4,60,63,12,0,123
2016,"BernZollikofen",1759.76666666667,553,1056,9.4,7,95,51,9,0,126
2016,"Davos",1649,1594,1153,4.4,39,184,6,0,0,129
2016,"GenfCointrin",1820.35,411,885.5,11.1,1,66,70,18,0,110
2016,"LocarnoMonti",2182.53333333333,367,1619.9,13.2,0,9,84,10,8,116
2016,"Lugano",2137.56666666667,273,1680.5,13.3,0,10,86,9,10,115
2016,"Luzern",1464.56666666667,454,1422.8,10.3,2,68,52,8,0,146
2016,"Neuenburg",1740.31666666667,485,1087.9,10.8,5,43,57,9,1,117
2016,"Säntis",1631.36666666667,2501,2940,-0.6,151,235,0,0,0,180
2016,"Samedan",1772.91666666667,1709,749.7,2.8,37,217,4,0,0,105
2016,"Sitten",2085.98333333333,482,586.5,11.2,1,82,81,31,1,83
2016,"St.Gallen",1557,776,1483.6,9,11,88,19,0,0,145
2016,"ZürichFluntern",1641.61666666667,556,1296.8,9.9,8,68,49,8,0,133
2017,"BaselBinningen",1843.45,316,765.2,11.4,13,60,70,26,3,114
2017,"BernZollikofen",2006.3,553,854.1,9.6,19,102,64,11,0,109
2017,"Davos",1790.38333333333,1594,1193.1,4.2,54,190,8,0,0,139
2017,"GenfCointrin",2089.63333333333,411,693,11.3,13,78,80,30,4,98
2017,"LocarnoMonti",2460.61666666667,367,1685.5,13.4,0,32,93,18,25,82
2017,"Lugano",2415.68333333333,273,1509.4,13.4,0,32,89,16,25,75
2017,"Luzern",1706.4,454,1244.9,10.4,15,76,59,16,2,145
2017,"Neuenburg",1997.63333333333,485,754.8,11.2,14,54,69,20,7,99
2017,"Säntis",1789.03333333333,2501,3537,-0.6,161,246,0,0,0,188
2017,"Samedan",1913.88333333333,1709,709.9,2.6,59,238,5,0,0,84
2017,"Sitten",2230.65,482,565.3,11.3,13,89,92,41,2,83
2017,"St.Gallen",1750.71666666667,776,1561,9.1,32,88,28,0,5,158
2017,"ZürichFluntern",1828.23333333333,556,1106.7,10.2,21,76,57,13,6,133
2018,"BaselBinningen",1923.83333333333,316,697.6,12.2,6,51,96,25,3,97
2018,"BernZollikofen",1968.76666666667,553,907.1,10.5,13,85,70,17,0,113
2018,"Davos",1807.83333333333,1594,1082.8,5,52,161,7,0,0,125
2018,"GenfCointrin",1978.76666666667,411,864.3,12.3,3,36,95,33,0,118
2018,"LocarnoMonti",2226.73333333333,367,1465.6,13.8,0,13,116,38,18,115
2018,"Lugano",2171.25,273,1472.2,13.9,0,12,105,22,13,113
2018,"Luzern",1720.43333333333,454,1061.8,11.4,8,55,84,17,3,110
2018,"Neuenburg",1941.06666666667,485,889.1,11.8,7,45,72,17,7,112
2018,"Säntis",1912.1,2501,2573.1,0.3,127,201,0,0,0,135
2018,"Samedan",1744.25,1709,664.9,3.1,59,204,1,0,0,98
2018,"Sitten",2270.66666666667,482,633.1,12.4,1,73,125,49,0,76
2018,"St.Gallen",1830.01666666667,776,1259.6,9.9,35,74,33,2,1,113
2018,"ZürichFluntern",1921.26666666667,556,897.3,11.1,13,65,74,16,3,108
2019,"BaselBinningen",1933.86666666667,316,785.8,11.6,2,52,66,23,6,115
2019,"BernZollikofen",1984.88333333333,553,999.3,10,6,100,56,16,0,122
2019,"Davos",1756.76666666667,1594,1314.1,4.5,46,186,13,0,0,135
2019,"GenfCointrin",2112.95,411,842.2,11.8,0,69,81,27,0,102
2019,"LocarnoMonti",2317.08333333333,367,1867.9,13.8,0,10,90,25,21,100
2019,"Lugano",2288.1,273,1675.2,13.9,0,10,92,22,23,109
2019,"Luzern",1788.75,454,1131.5,10.9,3,65,57,17,3,137
2019,"Neuenburg",2022.11666666667,485,960.5,11.3,2,45,63,17,7,124
2019,"Säntis",1839.85,2501,3549.9,-0.1,141,225,0,0,0,162
2019,"Samedan",1744.96666666667,1709,815.3,2.8,50,206,8,0,0,99
2019,"Sitten",2190.95,482,607.5,11.8,0,84,90,38,0,85
2019,"St.Gallen",1753.15,776,1469.1,9.5,16,87,26,7,5,140
2019,"ZürichFluntern",1877.71666666667,556,1041.2,10.5,8,59,53,15,3,131
2020,"BaselBinningen",2056.85,316,676.4,12.1,0,48,75,19,0,111
2020,"BernZollikofen",2154.65,553,1037.3,10.3,3,91,53,12,0,116
2020,"Davos",1865.98333333333,1594,1031.9,4.9,34,181,5,0,0,121
2020,"GenfCointrin",2113.33333333333,411,793.8,12.2,0,58,80,23,2,100
2020,"LocarnoMonti",2452.4,367,1599.2,13.7,0,7,91,24,15,82
2020,"Lugano",2339.81666666667,273,1542,13.7,0,7,84,13,16,83
2020,"Luzern",1895.5,454,1226.2,11.1,1,64,55,6,0,122
2020,"Neuenburg",2063.6,485,964.9,11.7,2,31,64,15,4,107
2020,"Säntis",1889.33333333333,2501,2837.4,0.3,109,227,0,0,0,162
2020,"Samedan",1930.51666666667,1709,733.6,3,45,228,4,0,0,83
2020,"Sitten",2278.65,482,545,11.6,0,85,101,24,0,79
2020,"St.Gallen",1989.81666666667,776,1539.6,9.7,13,72,17,0,0,130
2020,"ZürichFluntern",2055.95,556,859.5,10.9,4,60,55,9,1,110
